period,demand_mwh
2026-02-26T17,50741
2026-02-26T18,51670
2026-02-26T19,52990
2026-02-26T20,54447
2026-02-26T21,55918
2026-02-26T22,57239
2026-02-26T23,58032
2026-02-27T00,57482
2026-02-27T01,56484
2026-02-27T02,55892
2026-02-27T03,54597
2026-02-27T04,52822
2026-02-27T05,50070
2026-02-27T06,47340
2026-02-27T07,45113
2026-02-27T08,43406
2026-02-27T09,42437
2026-02-27T10,41824
2026-02-27T11,42411
2026-02-27T12,44099
2026-02-27T13,46779
2026-02-27T14,47948
2026-02-27T15,48628
2026-02-27T16,49320
2026-02-27T17,50388
2026-02-27T18,51676
2026-02-27T19,53022
2026-02-27T20,54623
2026-02-27T21,56321
2026-02-27T22,57685
2026-02-27T23,58283
2026-02-28T00,57700
2026-02-28T01,55680
2026-02-28T02,54525
2026-02-28T03,52790
2026-02-28T04,51372
2026-02-28T05,49261
2026-02-28T06,46868
2026-02-28T07,45016
2026-02-28T08,43543
2026-02-28T09,42477
2026-02-28T10,41949
2026-02-28T11,41710
2026-02-28T12,42008
2026-02-28T13,43081
2026-02-28T14,44202
2026-02-28T15,45761
2026-02-28T16,46950
2026-02-28T17,48230
2026-02-28T18,49716
2026-02-28T19,51240
2026-02-28T20,52867
2026-02-28T21,54531
2026-02-28T22,55808
2026-02-28T23,56531
2026-03-01T00,56076
2026-03-01T01,54751
2026-03-01T02,53825
2026-03-01T03,52360
2026-03-01T04,50798
2026-03-01T05,49001
2026-03-01T06,46945
2026-03-01T07,45196
2026-03-01T08,43637
2026-03-01T09,42562
2026-03-01T10,41714
2026-03-01T11,41653
2026-03-01T12,41781
2026-03-01T13,42292
2026-03-01T14,42633
2026-03-01T15,44495
2026-03-01T16,46557
2026-03-01T17,48184
2026-03-01T18,49615
2026-03-01T19,51111
2026-03-01T20,52756
2026-03-01T21,54085
2026-03-01T22,55370
2026-03-01T23,56235
2026-03-02T00,56187
2026-03-02T01,55363
2026-03-02T02,54926
2026-03-02T03,53848
2026-03-02T04,52236
2026-03-02T05,49589
2026-03-02T06,46581
2026-03-02T07,44355
2026-03-02T08,42996
2026-03-02T09,42233
2026-03-02T10,42080
2026-03-02T11,42749
2026-03-02T12,44307
2026-03-02T13,46707
2026-03-02T14,47243
2026-03-02T15,48652
2026-03-02T16,49896
2026-03-02T17,51019
2026-03-02T18,52014
2026-03-02T19,53507
2026-03-02T20,55412
2026-03-02T21,57052
2026-03-02T22,58474
2026-03-02T23,59484
2026-03-03T00,59203
2026-03-03T01,57780
2026-03-03T02,57269
2026-03-03T03,55958
2026-03-03T04,53985
2026-03-03T05,51082
2026-03-03T06,48240
2026-03-03T07,46195
2026-03-03T08,44698
2026-03-03T09,43777
2026-03-03T10,43428
2026-03-03T11,43859
2026-03-03T12,45603
2026-03-03T13,48402
2026-03-03T14,49255
2026-03-03T15,50081
2026-03-03T16,51414
2026-03-03T17,52686
2026-03-03T18,54034
2026-03-03T19,55696
2026-03-03T20,57485
2026-03-03T21,59325
2026-03-03T22,60822
2026-03-03T23,61647
2026-03-04T00,61001
2026-03-04T01,59360
2026-03-04T02,58893
2026-03-04T03,57640
2026-03-04T04,55890
2026-03-04T05,53094
2026-03-04T06,50048
2026-03-04T07,47668
2026-03-04T08,45965
2026-03-04T09,44774
2026-03-04T10,44250
2026-03-04T11,44818
2026-03-04T12,46344
2026-03-04T13,49178
2026-03-04T14,50301
2026-03-04T15,51123
2026-03-04T16,52531
2026-03-04T17,54079
2026-03-04T18,55580
2026-03-04T19,56949
2026-03-04T20,58425
2026-03-04T21,59515
2026-03-04T22,60153
2026-03-04T23,60178
2026-03-05T00,59233
2026-03-05T01,58438
2026-03-05T02,58027
2026-03-05T03,56707
2026-03-05T04,54694
2026-03-05T05,52029
2026-03-05T06,49274
2026-03-05T07,47235
2026-03-05T08,45687
2026-03-05T09,44491
2026-03-05T10,43951
2026-03-05T11,44326
2026-03-05T12,45819
2026-03-05T13,48661
2026-03-05T14,50007
2026-03-05T15,51119
2026-03-05T16,52456
2026-03-05T17,54150
2026-03-05T18,55717
2026-03-05T19,57184
2026-03-05T20,58641
2026-03-05T21,59667
2026-03-05T22,60243
2026-03-05T23,60372
2026-03-06T00,59890
2026-03-06T01,59346
2026-03-06T02,59115
2026-03-06T03,57856
2026-03-06T04,56215
2026-03-06T05,53661
2026-03-06T06,50685
2026-03-06T07,48411
2026-03-06T08,46757
2026-03-06T09,45723
2026-03-06T10,45364
2026-03-06T11,45815
2026-03-06T12,47366
2026-03-06T13,49893
2026-03-06T14,51081
2026-03-06T15,52295
2026-03-06T16,53875
2026-03-06T17,55499
2026-03-06T18,57499
2026-03-06T19,58941
2026-03-06T20,60068
2026-03-06T21,60802
2026-03-06T22,60905
2026-03-06T23,60971
2026-03-07T00,60460
2026-03-07T01,58952
2026-03-07T02,58432
2026-03-07T03,57327
2026-03-07T04,56119
2026-03-07T05,54386
2026-03-07T06,52184
2026-03-07T07,49792
2026-03-07T08,48241
2026-03-07T09,47511
2026-03-07T10,46818
2026-03-07T11,46663
2026-03-07T12,46820
2026-03-07T13,47200
2026-03-07T14,47739
2026-03-07T15,49077
2026-03-07T16,50950
2026-03-07T17,52529
2026-03-07T18,53656
2026-03-07T19,54155
2026-03-07T20,54484
2026-03-07T21,54252
2026-03-07T22,53949
2026-03-07T23,53283
2026-03-08T00,52639
2026-03-08T01,52219
2026-03-08T02,51502
2026-03-08T03,50479
2026-03-08T04,49082
2026-03-08T05,47090
2026-03-08T06,45657
2026-03-08T07,44375
2026-03-08T08,43194
2026-03-08T09,42568
2026-03-08T10,42236
2026-03-08T11,42450
2026-03-08T12,43202
2026-03-08T13,44070
2026-03-08T14,44752
2026-03-08T15,45990
2026-03-08T16,46854
2026-03-08T17,47328
2026-03-08T18,47567
2026-03-08T19,47685
2026-03-08T20,47826
2026-03-08T21,48087
2026-03-08T22,48738
2026-03-08T23,49437
2026-03-09T00,49889
2026-03-09T01,50607
2026-03-09T02,51291
2026-03-09T03,50597
2026-03-09T04,48997
2026-03-09T05,46748
2026-03-09T06,44680
2026-03-09T07,43339
2026-03-09T08,42522
2026-03-09T09,42234
2026-03-09T10,42660
2026-03-09T11,44183
2026-03-09T12,46580
2026-03-09T13,48341
2026-03-09T14,48842
2026-03-09T15,49313
2026-03-09T16,50580
2026-03-09T17,52222
2026-03-09T18,53463
2026-03-09T19,54769
2026-03-09T20,55966
2026-03-09T21,57347
2026-03-09T22,58265
2026-03-09T23,58640
2026-03-10T00,58132
2026-03-10T01,57658
2026-03-10T02,57431
2026-03-10T03,56439
2026-03-10T04,54621
2026-03-10T05,51982
2026-03-10T06,49418
2026-03-10T07,47709
2026-03-10T08,46501
2026-03-10T09,45760
2026-03-10T10,45990
2026-03-10T11,47223
2026-03-10T12,49616
2026-03-10T13,51094
2026-03-10T14,51242
2026-03-10T15,52434
2026-03-10T16,54180
2026-03-10T17,55479
2026-03-10T18,56615
2026-03-10T19,57895
2026-03-10T20,59182
2026-03-10T21,60096
2026-03-10T22,60478
2026-03-10T23,60111
2026-03-11T00,59405
2026-03-11T01,59075
2026-03-11T02,58808
2026-03-11T03,57042
2026-03-11T04,53925
2026-03-11T05,50995
2026-03-11T06,48338
2026-03-11T07,46441
2026-03-11T08,45372
2026-03-11T09,44933
2026-03-11T10,44778
2026-03-11T11,45819
2026-03-11T12,47978
2026-03-11T13,49313
2026-03-11T14,49549
2026-03-11T15,50242
2026-03-11T16,51356
2026-03-11T17,52310
2026-03-11T18,53324
2026-03-11T19,53986
2026-03-11T20,54006
2026-03-11T21,54213
2026-03-11T22,54902
2026-03-11T23,55574
2026-03-12T00,55164
2026-03-12T01,54481
2026-03-12T02,54098
2026-03-12T03,52303
2026-03-12T04,49752
2026-03-12T05,46848
2026-03-12T06,44541
2026-03-12T07,43014
2026-03-12T08,41894
2026-03-12T09,41346
2026-03-12T10,41881
2026-03-12T11,43619
2026-03-12T12,46592
2026-03-12T13,48827
2026-03-12T14,49212
2026-03-12T15,49064
2026-03-12T16,48535
2026-03-12T17,47772
2026-03-12T18,47230
2026-03-12T19,47047
2026-03-12T20,46862
2026-03-12T21,47275
2026-03-12T22,47868
2026-03-12T23,48549
2026-03-13T00,49217
2026-03-13T01,49890
2026-03-13T02,50510
2026-03-13T03,49448
2026-03-13T04,47651
2026-03-13T05,45646
2026-03-13T06,44108
2026-03-13T07,43162
2026-03-13T08,42721
2026-03-13T09,42783
2026-03-13T10,43460
2026-03-13T11,45159
2026-03-13T12,47731
2026-03-13T13,49689
2026-03-13T14,49838
2026-03-13T15,49593
2026-03-13T16,48926
2026-03-13T17,48467
2026-03-13T18,48084
2026-03-13T19,48288
2026-03-13T20,48835
2026-03-13T21,49982
2026-03-13T22,51153
2026-03-13T23,51926
2026-03-14T00,51756
2026-03-14T01,50771
2026-03-14T02,50410
2026-03-14T03,49410
2026-03-14T04,47851
2026-03-14T05,45926
2026-03-14T06,43990
2026-03-14T07,42510
2026-03-14T08,41412
2026-03-14T09,40847
2026-03-14T10,40699
2026-03-14T11,41132
2026-03-14T12,42195
2026-03-14T13,43165
2026-03-14T14,44236
2026-03-14T15,46026
2026-03-14T16,46960
2026-03-14T17,47575
2026-03-14T18,48541
2026-03-14T19,49937
2026-03-14T20,51539
2026-03-14T21,53300
2026-03-14T22,55015
2026-03-14T23,55888
2026-03-15T00,55530
2026-03-15T01,54657
2026-03-15T02,54052
2026-03-15T03,52824
2026-03-15T04,51093
2026-03-15T05,49109
2026-03-15T06,47081
2026-03-15T07,45424
2026-03-15T08,44224
2026-03-15T09,43321
2026-03-15T10,42926
2026-03-15T11,42928
2026-03-15T12,43520
2026-03-15T13,44299
2026-03-15T14,45318
2026-03-15T15,47001
2026-03-15T16,48565
2026-03-15T17,50343
2026-03-15T18,52264
2026-03-15T19,54333
2026-03-15T20,55519
2026-03-15T21,56167
2026-03-15T22,56950
2026-03-15T23,57100
2026-03-16T00,56132
2026-03-16T01,54555
2026-03-16T02,53662
2026-03-16T03,51416
2026-03-16T04,48885
2026-03-16T05,46284
2026-03-16T06,44535
2026-03-16T07,43472
2026-03-16T08,43115
2026-03-16T09,43067
2026-03-16T10,44113
2026-03-16T11,46147
2026-03-16T12,49653
2026-03-16T13,52446
2026-03-16T14,53181
2026-03-16T15,54136
2026-03-16T16,53849
2026-03-16T17,53181
2026-03-16T18,52461
2026-03-16T19,51791
2026-03-16T20,51383
2026-03-16T21,51088
2026-03-16T22,50925
2026-03-16T23,51454
2026-03-17T00,52260
2026-03-17T01,53046
2026-03-17T02,53580
2026-03-17T03,52915
2026-03-17T04,52116
2026-03-17T05,50889
2026-03-17T06,49780
2026-03-17T07,49391
2026-03-17T08,49471
2026-03-17T09,49692
2026-03-17T10,50817
2026-03-17T11,53306
2026-03-17T12,56751
2026-03-17T13,58963
2026-03-17T14,58469
2026-03-17T15,56537
2026-03-17T16,54421
2026-03-17T17,52403
2026-03-17T18,50503
2026-03-17T19,49328
2026-03-17T20,48453
2026-03-17T21,47878
2026-03-17T22,47907
2026-03-17T23,48294
2026-03-18T00,48797
2026-03-18T01,49973
2026-03-18T02,51195
2026-03-18T03,50482
2026-03-18T04,48936
2026-03-18T05,46955
2026-03-18T06,45705
2026-03-18T07,44962
2026-03-18T08,44616
2026-03-18T09,44886
2026-03-18T10,45769
2026-03-18T11,47772
2026-03-18T12,50656
2026-03-18T13,52045
2026-03-18T14,51573
2026-03-18T15,51161
2026-03-18T16,50040
2026-03-18T17,48932
2026-03-18T18,47937
2026-03-18T19,47852
2026-03-18T20,47989
2026-03-18T21,48436
2026-03-18T22,49421
2026-03-18T23,50211
2026-03-19T00,50627
2026-03-19T01,50743
2026-03-19T02,51024
2026-03-19T03,50063
2026-03-19T04,47907
2026-03-19T05,45608
2026-03-19T06,43642
2026-03-19T07,42416
2026-03-19T08,41731
2026-03-19T09,41516
2026-03-19T10,41900
2026-03-19T11,43464
2026-03-19T12,46004
2026-03-19T13,47656
2026-03-19T14,47864
2026-03-19T15,47975
2026-03-19T16,48051
2026-03-19T17,48348
2026-03-19T18,49093
2026-03-19T19,50380
2026-03-19T20,51995
2026-03-19T21,53875
2026-03-19T22,55795
2026-03-19T23,57048
2026-03-20T00,57196
2026-03-20T01,55832
2026-03-20T02,55159
2026-03-20T03,53854
2026-03-20T04,51276
2026-03-20T05,48136
2026-03-20T06,45558
2026-03-20T07,43637
2026-03-20T08,42229
2026-03-20T09,41564
2026-03-20T10,41819
2026-03-20T11,42950
2026-03-20T12,44950
2026-03-20T13,46416
2026-03-20T14,46835
2026-03-20T15,47795
2026-03-20T16,48877
2026-03-20T17,50139
2026-03-20T18,51745
2026-03-20T19,53858
2026-03-20T20,56362
2026-03-20T21,58669
2026-03-20T22,60711
2026-03-20T23,61534
2026-03-21T00,61033
2026-03-21T01,58971
2026-03-21T02,57475
2026-03-21T03,55485
2026-03-21T04,53075
2026-03-21T05,50185
2026-03-21T06,47731
2026-03-21T07,45554
2026-03-21T08,44076
2026-03-21T09,43145
2026-03-21T10,42648
2026-03-21T11,42745
2026-03-21T12,43294
2026-03-21T13,44029
2026-03-21T14,45063
2026-03-21T15,46901
2026-03-21T16,48771
2026-03-21T17,50777
2026-03-21T18,53111
2026-03-21T19,55814
2026-03-21T20,58635
2026-03-21T21,61166
2026-03-21T22,63003
2026-03-21T23,63912
2026-03-22T00,63292
2026-03-22T01,60757
2026-03-22T02,59109
2026-03-22T03,56940
2026-03-22T04,54257
2026-03-22T05,51410
2026-03-22T06,48661
2026-03-22T07,46457
2026-03-22T08,44806
2026-03-22T09,43535
2026-03-22T10,42876
2026-03-22T11,42643
2026-03-22T12,42930
2026-03-22T13,43320
2026-03-22T14,44538
2026-03-22T15,46647
2026-03-22T16,48636
2026-03-22T17,50849
2026-03-22T18,53350
2026-03-22T19,56225
2026-03-22T20,58936
2026-03-22T21,61445
2026-03-22T22,63375
2026-03-22T23,64398
2026-03-23T00,63873
2026-03-23T01,61875
2026-03-23T02,60398
2026-03-23T03,57874
2026-03-23T04,54367
2026-03-23T05,50467
2026-03-23T06,47266
2026-03-23T07,44937
2026-03-23T08,43613
2026-03-23T09,42823
2026-03-23T10,42943
2026-03-23T11,44257
2026-03-23T12,46804
2026-03-23T13,47815
2026-03-23T14,48124
2026-03-23T15,49303
2026-03-23T16,50563
2026-03-23T17,51837
2026-03-23T18,53337
2026-03-23T19,55257
2026-03-23T20,57394
2026-03-23T21,59429
2026-03-23T22,61473
2026-03-23T23,62702
2026-03-24T00,61457
2026-03-24T01,57845
2026-03-24T02,56234
2026-03-24T03,53187
2026-03-24T04,49754
2026-03-24T05,47267
2026-03-24T06,45378
2026-03-24T07,43875
2026-03-24T08,42857
2026-03-24T09,42319
2026-03-24T10,42703
2026-03-24T11,43916
2026-03-24T12,45855
2026-03-24T13,46832
2026-03-24T14,47545
2026-03-24T15,49330
2026-03-24T16,50577
2026-03-24T17,52134
2026-03-24T18,53881
2026-03-24T19,56297
2026-03-24T20,58459
2026-03-24T21,60685
2026-03-24T22,62549
2026-03-24T23,63488
2026-03-25T00,62517
2026-03-25T01,60337
2026-03-25T02,59319
2026-03-25T03,57780
2026-03-25T04,54901
2026-03-25T05,51381
2026-03-25T06,48471
2026-03-25T07,46450
2026-03-25T08,45218
2026-03-25T09,44508
2026-03-25T10,44585
2026-03-25T11,46022
2026-03-25T12,48622
2026-03-25T13,49783
2026-03-25T14,50111
2026-03-25T15,51301
2026-03-25T16,52863
2026-03-25T17,54667
2026-03-25T18,56753
2026-03-25T19,59291
2026-03-25T20,61894
2026-03-25T21,64042
2026-03-25T22,65667
2026-03-25T23,66476
2026-03-26T00,65347
2026-03-26T01,63392
2026-03-26T02,62272
2026-03-26T03,59922
2026-03-26T04,56357
2026-03-26T05,52600
2026-03-26T06,49482
2026-03-26T07,47394
2026-03-26T08,45924
2026-03-26T09,45052
2026-03-26T10,45021
2026-03-26T11,46390
2026-03-26T12,49000
2026-03-26T13,49955
2026-03-26T14,50265
2026-03-26T15,51454
2026-03-26T16,52924
2026-03-26T17,54803
2026-03-26T18,56718
2026-03-26T19,58973
2026-03-26T20,61346
2026-03-26T21,63443
2026-03-26T22,65434
2026-03-26T23,66181
2026-03-27T00,65117
2026-03-27T01,62934
2026-03-27T02,61774
2026-03-27T03,59486
2026-03-27T04,55887
2026-03-27T05,52297
2026-03-27T06,49299
2026-03-27T07,46917
2026-03-27T08,45479
2026-03-27T09,44390
2026-03-27T10,44232
2026-03-27T11,45555
2026-03-27T12,47652
2026-03-27T13,48733
2026-03-27T14,49256
2026-03-27T15,51009
2026-03-27T16,52725
2026-03-27T17,54087
2026-03-27T18,55279
2026-03-27T19,56644
2026-03-27T20,57807
2026-03-27T21,58901
2026-03-27T22,59432
2026-03-27T23,59211
2026-03-28T00,57804
2026-03-28T01,56311
2026-03-28T02,55268
2026-03-28T03,53390
2026-03-28T04,51079
2026-03-28T05,48569
2026-03-28T06,46397
2026-03-28T07,44618
2026-03-28T08,43343
2026-03-28T09,42460
2026-03-28T10,41942
2026-03-28T11,41922
2026-03-28T12,43094
2026-03-28T13,44165
2026-03-28T14,45498
2026-03-28T15,46696
2026-03-28T16,47534
2026-03-28T17,47804
2026-03-28T18,47880
2026-03-28T19,48120
2026-03-28T20,48654
2026-03-28T21,49311
2026-03-28T22,49864
2026-03-28T23,50035
2026-03-29T00,49667
2026-03-29T01,49585
2026-03-29T02,49791
2026-03-29T03,48930
2026-03-29T04,47452
2026-03-29T05,45730
2026-03-29T06,44008
2026-03-29T07,42811
2026-03-29T08,41977
2026-03-29T09,41471
2026-03-29T10,41388
2026-03-29T11,41847
2026-03-29T12,42691
2026-03-29T13,43628
2026-03-29T14,44718
2026-03-29T15,45816
2026-03-29T16,46898
2026-03-29T17,47917
2026-03-29T18,49320
2026-03-29T19,51018
2026-03-29T20,52842
2026-03-29T21,54599
2026-03-29T22,56277
2026-03-29T23,57700
2026-03-30T00,57925
2026-03-30T01,57123
2026-03-30T02,57157
2026-03-30T03,55588
2026-03-30T04,52703
2026-03-30T05,49431
2026-03-30T06,46770
2026-03-30T07,44783
2026-03-30T08,43652
2026-03-30T09,43198
2026-03-30T10,43620
2026-03-30T11,45246
2026-03-30T12,47891
2026-03-30T13,49246
2026-03-30T14,49827
2026-03-30T15,51110
2026-03-30T16,52689
2026-03-30T17,54390
2026-03-30T18,56177
2026-03-30T19,58235
2026-03-30T20,59985
2026-03-30T21,61751
2026-03-30T22,63502
2026-03-30T23,64188
2026-03-31T00,63385
2026-03-31T01,61671
2026-03-31T02,61009
2026-03-31T03,58948
2026-03-31T04,55552
2026-03-31T05,51967
2026-03-31T06,49069
2026-03-31T07,46951
2026-03-31T08,45583
2026-03-31T09,44825
2026-03-31T10,45126
2026-03-31T11,46512
2026-03-31T12,49088
2026-03-31T13,50080
2026-03-31T14,50722
2026-03-31T15,52193
2026-03-31T16,53946
2026-03-31T17,55636
2026-03-31T18,57426
2026-03-31T19,59236
2026-03-31T20,61241
2026-03-31T21,62987
2026-03-31T22,64726
2026-03-31T23,65542
2026-04-01T00,64669
2026-04-01T01,63048
2026-04-01T02,62301
2026-04-01T03,60315
2026-04-01T04,56993
2026-04-01T05,53263
2026-04-01T06,50452
2026-04-01T07,48434
2026-04-01T08,47125
2026-04-01T09,46107
2026-04-01T10,46269
2026-04-01T11,47533
2026-04-01T12,49858
2026-04-01T13,50145
2026-04-01T14,51350
2026-04-01T15,53316
2026-04-01T16,54866
2026-04-01T17,56589
2026-04-01T18,58737
2026-04-01T19,60928
2026-04-01T20,63044
2026-04-01T21,64575
2026-04-01T22,65760
2026-04-01T23,65742
2026-04-02T00,64566
2026-04-02T01,63228
2026-04-02T02,62289
2026-04-02T03,60524
2026-04-02T04,57250
2026-04-02T05,53703
2026-04-02T06,50632
2026-04-02T07,48993
2026-04-02T08,47539
2026-04-02T09,46486
2026-04-02T10,46789
2026-04-02T11,47896
2026-04-02T12,50032
2026-04-02T13,50958
2026-04-02T14,51354
2026-04-02T15,52986
2026-04-02T16,54349
2026-04-02T17,55749
2026-04-02T18,57186
2026-04-02T19,58815
2026-04-02T20,60305
2026-04-02T21,61679
2026-04-02T22,63001
2026-04-02T23,63582
2026-04-03T00,62848
2026-04-03T01,61218
2026-04-03T02,60553
2026-04-03T03,59171
2026-04-03T04,56964
2026-04-03T05,54035
2026-04-03T06,51453
2026-04-03T07,49424
2026-04-03T08,47953
2026-04-03T09,47288
2026-04-03T10,47189
2026-04-03T11,47867
2026-04-03T12,49180
2026-04-03T13,50284
2026-04-03T14,51430
2026-04-03T15,53330
2026-04-03T16,55469
2026-04-03T17,57342
2026-04-03T18,58834
2026-04-03T19,60013
2026-04-03T20,60874
2026-04-03T21,61740
2026-04-03T22,62136
2026-04-03T23,61701
2026-04-04T00,60478
2026-04-04T01,58794
2026-04-04T02,58438
2026-04-04T03,57224
2026-04-04T04,55504
2026-04-04T05,53207
2026-04-04T06,51240
2026-04-04T07,49659
2026-04-04T08,48000
2026-04-04T09,47133
2026-04-04T10,46580
2026-04-04T11,46567
2026-04-04T12,46682
2026-04-04T13,46984
2026-04-04T14,48137
2026-04-04T15,49769
2026-04-04T16,51366
2026-04-04T17,52462
2026-04-04T18,52703
2026-04-04T19,52578
2026-04-04T20,52251
2026-04-04T21,52382
2026-04-04T22,52508
2026-04-04T23,52037
2026-04-05T00,51327
2026-04-05T01,50161
2026-04-05T02,50024
2026-04-05T03,49373
2026-04-05T04,47756
2026-04-05T05,45720
2026-04-05T06,43816
2026-04-05T07,42457
2026-04-05T08,41444
2026-04-05T09,40757
2026-04-05T10,40594
2026-04-05T11,40787
2026-04-05T12,41487
2026-04-05T13,42394
2026-04-05T14,43723
2026-04-05T15,45129
2026-04-05T16,45871
2026-04-05T17,46026
2026-04-05T18,46095
2026-04-05T19,45974
2026-04-05T20,45786
2026-04-05T21,45667
2026-04-05T22,45757
2026-04-05T23,45805
2026-04-06T00,46029
2026-04-06T01,46316
2026-04-06T02,47475
2026-04-06T03,46878
2026-04-06T04,45334
2026-04-06T05,43364
2026-04-06T06,41809
2026-04-06T07,40626
2026-04-06T08,40096
2026-04-06T09,39967
2026-04-06T10,40663
2026-04-06T11,42221
2026-04-06T12,44897
2026-04-06T13,46511
2026-04-06T14,47250
2026-04-06T15,47700
2026-04-06T16,47647
2026-04-06T17,47576
2026-04-06T18,47710
2026-04-06T19,48214
2026-04-06T20,48898
2026-04-06T21,49826
2026-04-06T22,51074
2026-04-06T23,52199
2026-04-07T00,52314
2026-04-07T01,51261
2026-04-07T02,51149
2026-04-07T03,49825
2026-04-07T04,47545
2026-04-07T05,45287
2026-04-07T06,43318
2026-04-07T07,41996
2026-04-07T08,41239
2026-04-07T09,41014
2026-04-07T10,41582
2026-04-07T11,43427
2026-04-07T12,46324
2026-04-07T13,47494
2026-04-07T14,47299
2026-04-07T15,47263
2026-04-07T16,47412
2026-04-07T17,47644
2026-04-07T18,47568
2026-04-07T19,48156
2026-04-07T20,48840
2026-04-07T21,49751
2026-04-07T22,50745
2026-04-07T23,51207
2026-04-08T00,50987
2026-04-08T01,50895
2026-04-08T02,51500
2026-04-08T03,49867
2026-04-08T04,47007
2026-04-08T05,44739
2026-04-08T06,42926
2026-04-08T07,41519
2026-04-08T08,40809
2026-04-08T09,40458
2026-04-08T10,40996
2026-04-08T11,42667
2026-04-08T12,45553
2026-04-08T13,46595
2026-04-08T14,47162
2026-04-08T15,47785
2026-04-08T16,48528
2026-04-08T17,49396
2026-04-08T18,50361
2026-04-08T19,51794
2026-04-08T20,52917
2026-04-08T21,54380
2026-04-08T22,55892
2026-04-08T23,56927
2026-04-09T00,56746
2026-04-09T01,55514
2026-04-09T02,54475
2026-04-09T03,53241
2026-04-09T04,51759
2026-04-09T05,48719
2026-04-09T06,46181
2026-04-09T07,44371
2026-04-09T08,43191
2026-04-09T09,42597
2026-04-09T10,42892
2026-04-09T11,44518
2026-04-09T12,47261
2026-04-09T13,48361
2026-04-09T14,49009
2026-04-09T15,49804
2026-04-09T16,51130
2026-04-09T17,52414
2026-04-09T18,53767
2026-04-09T19,55393
2026-04-09T20,56615
2026-04-09T21,57900
2026-04-09T22,58881
2026-04-09T23,58804
2026-04-10T00,57554
2026-04-10T01,56052
2026-04-10T02,55333
2026-04-10T03,54307
2026-04-10T04,51816
2026-04-10T05,49416
2026-04-10T06,47307
2026-04-10T07,45615
2026-04-10T08,44539
2026-04-10T09,44033
2026-04-10T10,44305
2026-04-10T11,45622
2026-04-10T12,47993
2026-04-10T13,49127
2026-04-10T14,49861
2026-04-10T15,51162
2026-04-10T16,52595
2026-04-10T17,53825
2026-04-10T18,55047
2026-04-10T19,56460
2026-04-10T20,57726
2026-04-10T21,58521
2026-04-10T22,58873
2026-04-10T23,59050
2026-04-11T00,58323
2026-04-11T01,56943
2026-04-11T02,56677
2026-04-11T03,55517
2026-04-11T04,53343
2026-04-11T05,50904
2026-04-11T06,48586
2026-04-11T07,46749
2026-04-11T08,45176
2026-04-11T09,44231
2026-04-11T10,44041
2026-04-11T11,44437
2026-04-11T12,45353
2026-04-11T13,46001
2026-04-11T14,47575
2026-04-11T15,49753
2026-04-11T16,51874
2026-04-11T17,53523
2026-04-11T18,54741
2026-04-11T19,55637
2026-04-11T20,56431
2026-04-11T21,57039
2026-04-11T22,57604
2026-04-11T23,57554
2026-04-12T00,56380
2026-04-12T01,55349
2026-04-12T02,54990
2026-04-12T03,53886
2026-04-12T04,51899
2026-04-12T05,48325
2026-04-12T06,46403
2026-04-12T07,45040
2026-04-12T08,44637
2026-04-12T09,44360
2026-04-12T10,44031
2026-04-12T11,44143
2026-04-12T12,44493
2026-04-12T13,45105
2026-04-12T14,46692
2026-04-12T15,48738
2026-04-12T16,50388
2026-04-12T17,52040
2026-04-12T18,53322
2026-04-12T19,54091
2026-04-12T20,54554
2026-04-12T21,54758
2026-04-12T22,55066
2026-04-12T23,55257
2026-04-13T00,55341
2026-04-13T01,55296
2026-04-13T02,55960
2026-04-13T03,55197
2026-04-13T04,52978
2026-04-13T05,50316
2026-04-13T06,48042
2026-04-13T07,46299
2026-04-13T08,45239
2026-04-13T09,44885
2026-04-13T10,45598
2026-04-13T11,47271
2026-04-13T12,50105
2026-04-13T13,51432
2026-04-13T14,52304
2026-04-13T15,53662
2026-04-13T16,55227
2026-04-13T17,57079
2026-04-13T18,58742
2026-04-13T19,60533
2026-04-13T20,62251
2026-04-13T21,63730
2026-04-13T22,65291
2026-04-13T23,65532
2026-04-14T00,64456
2026-04-14T01,62933
2026-04-14T02,62347
2026-04-14T03,60251
2026-04-14T04,57521
2026-04-14T05,54118
2026-04-14T06,51230
2026-04-14T07,49246
2026-04-14T08,47863
2026-04-14T09,47097
2026-04-14T10,47297
2026-04-14T11,48622
2026-04-14T12,51210
2026-04-14T13,51967
2026-04-14T14,52560
2026-04-14T15,53857
2026-04-14T16,55261
2026-04-14T17,56658
2026-04-14T18,57914
2026-04-14T19,59285
2026-04-14T20,60204
2026-04-14T21,61541
2026-04-14T22,62718
2026-04-14T23,63110
2026-04-15T00,61981
2026-04-15T01,61096
2026-04-15T02,61176
2026-04-15T03,59848
2026-04-15T04,56850
2026-04-15T05,53374
2026-04-15T06,50399
2026-04-15T07,48496
2026-04-15T08,47503
2026-04-15T09,46902
2026-04-15T10,47027
2026-04-15T11,48237
2026-04-15T12,50467
2026-04-15T13,51122
2026-04-15T14,52040
2026-04-15T15,53732
2026-04-15T16,55430
2026-04-15T17,57168
2026-04-15T18,58421
2026-04-15T19,59607
2026-04-15T20,60677
2026-04-15T21,61555
2026-04-15T22,62247
2026-04-15T23,62487
2026-04-16T00,61733
2026-04-16T01,60062
2026-04-16T02,59245
2026-04-16T03,57763
2026-04-16T04,54997
2026-04-16T05,52070
2026-04-16T06,49554
2026-04-16T07,47691
2026-04-16T08,46401
2026-04-16T09,45769
2026-04-16T10,45692
2026-04-16T11,46838
2026-04-16T12,49295
2026-04-16T13,50189
2026-04-16T14,51387
2026-04-16T15,53224
2026-04-16T16,55345
2026-04-16T17,57724
2026-04-16T18,60178
2026-04-16T19,62542
2026-04-16T20,64748
2026-04-16T21,66422
2026-04-16T22,67620
2026-04-16T23,67755
2026-04-17T00,66447
2026-04-17T01,64473
2026-04-17T02,63666
2026-04-17T03,61770
2026-04-17T04,58401
2026-04-17T05,54628
2026-04-17T06,51607
2026-04-17T07,49303
2026-04-17T08,47849
2026-04-17T09,47078
2026-04-17T10,47021
2026-04-17T11,48236
2026-04-17T12,50495
2026-04-17T13,51150
2026-04-17T14,52401
2026-04-17T15,54388
2026-04-17T16,56462
2026-04-17T17,58468
2026-04-17T18,60031
2026-04-17T19,61592
2026-04-17T20,62628
2026-04-17T21,63441
2026-04-17T22,64231
2026-04-17T23,63808
2026-04-18T00,62481
2026-04-18T01,61112
2026-04-18T02,60575
2026-04-18T03,59219
2026-04-18T04,56811
2026-04-18T05,53872
2026-04-18T06,51218
2026-04-18T07,49345
2026-04-18T08,47859
2026-04-18T09,46659
2026-04-18T10,45348
2026-04-18T11,45018
2026-04-18T12,45686
2026-04-18T13,46347
2026-04-18T14,47796
2026-04-18T15,49733
2026-04-18T16,51188
2026-04-18T17,52291
2026-04-18T18,52665
2026-04-18T19,52482
2026-04-18T20,52038
2026-04-18T21,51412
2026-04-18T22,51023
2026-04-18T23,50370
2026-04-19T00,49348
2026-04-19T01,48513
2026-04-19T02,48420
2026-04-19T03,47431
2026-04-19T04,45598
2026-04-19T05,44526
2026-04-19T06,43026
2026-04-19T07,41851
2026-04-19T08,41029
2026-04-19T09,40659
2026-04-19T10,40631
2026-04-19T11,40992
2026-04-19T12,41800
2026-04-19T13,42092
2026-04-19T14,44194
2026-04-19T15,45153
2026-04-19T16,45284
2026-04-19T17,45324
2026-04-19T18,45227
2026-04-19T19,45335
2026-04-19T20,45633
2026-04-19T21,46349
2026-04-19T22,47165
2026-04-19T23,48032
2026-04-20T00,48250
2026-04-20T01,47927
2026-04-20T02,48886
2026-04-20T03,48243
2026-04-20T04,46001
2026-04-20T05,43357
2026-04-20T06,41701
2026-04-20T07,40373
2026-04-20T08,39896
2026-04-20T09,39711
2026-04-20T10,40384
2026-04-20T11,42265
2026-04-20T12,45277
2026-04-20T13,46815
2026-04-20T14,45735
2026-04-20T15,47021
2026-04-20T16,47925
2026-04-20T17,48047
2026-04-20T18,48757
2026-04-20T19,49108
2026-04-20T20,49141
2026-04-20T21,48926
2026-04-20T22,48783
2026-04-20T23,49025
2026-04-21T00,49406
2026-04-21T01,49624
2026-04-21T02,50439
2026-04-21T03,49793
2026-04-21T04,47426
2026-04-21T05,44764
2026-04-21T06,43017
2026-04-21T07,41920
2026-04-21T08,41279
2026-04-21T09,41027
2026-04-21T10,41353
2026-04-21T11,42905
2026-04-21T12,45591
2026-04-21T13,46986
2026-04-21T14,47656
2026-04-21T15,48590
2026-04-21T16,49348
2026-04-21T17,49870
2026-04-21T18,50163
2026-04-21T19,50344
2026-04-21T20,50459
2026-04-21T21,50370
2026-04-21T22,50735
2026-04-21T23,51069
2026-04-22T00,51087
2026-04-22T01,51080
2026-04-22T02,51438
2026-04-22T03,50511
2026-04-22T04,48355
2026-04-22T05,46070
2026-04-22T06,44273
2026-04-22T07,42962
2026-04-22T08,42229
2026-04-22T09,41908
2026-04-22T10,42383
2026-04-22T11,43996
2026-04-22T12,46732
2026-04-22T13,48055
2026-04-22T14,48727
2026-04-22T15,49784
2026-04-22T16,50940
2026-04-22T17,52195
2026-04-22T18,53390
2026-04-22T19,54534
2026-04-22T20,55387
2026-04-22T21,56364
2026-04-22T22,57452
2026-04-22T23,58151
2026-04-23T00,58018
2026-04-23T01,57578
2026-04-23T02,57715
2026-04-23T03,56480
2026-04-23T04,53735
2026-04-23T05,50431
2026-04-23T06,47735
2026-04-23T07,45958
2026-04-23T08,44847
2026-04-23T09,44276
2026-04-23T10,44528
2026-04-23T11,45988
2026-04-23T12,48734
2026-04-23T13,49829
2026-04-23T14,50820
2026-04-23T15,52299
2026-04-23T16,53819
2026-04-23T17,55140
2026-04-23T18,56352
2026-04-23T19,57831
2026-04-23T20,59211
2026-04-23T21,60331
2026-04-23T22,61557
2026-04-23T23,61819
2026-04-24T00,60914
2026-04-24T01,60008
2026-04-24T02,60143
2026-04-24T03,58854
2026-04-24T04,56329
2026-04-24T05,53132
2026-04-24T06,50635
2026-04-24T07,48708
2026-04-24T08,47456
2026-04-24T09,46788
2026-04-24T10,46935
2026-04-24T11,48189
2026-04-24T12,50512
2026-04-24T13,51643
2026-04-24T14,53040
2026-04-24T15,54841
2026-04-24T16,56700
2026-04-24T17,58606
2026-04-24T18,60890
2026-04-24T19,63476
2026-04-24T20,65659
2026-04-24T21,67441
2026-04-24T22,68606
2026-04-24T23,69167
2026-04-25T00,66719
2026-04-25T01,62496
2026-04-25T02,59842
2026-04-25T03,57956
2026-04-25T04,55343
2026-04-25T05,53875
2026-04-25T06,51890
2026-04-25T07,49872
2026-04-25T08,48565
2026-04-25T09,47602
2026-04-25T10,47252
2026-04-25T11,47284
2026-04-25T12,47993
2026-04-25T13,48836
2026-04-25T14,50936
2026-04-25T15,53401
2026-04-25T16,56140
2026-04-25T17,58640
2026-04-25T18,61252
2026-04-25T19,63653
2026-04-25T20,65952
2026-04-25T21,67868
2026-04-25T22,69137
2026-04-25T23,69151
2026-04-26T00,66889
2026-04-26T01,64068
2026-04-26T02,62185
2026-04-26T03,60699
2026-04-26T04,58781
2026-04-26T05,56281
2026-04-26T06,53614
2026-04-26T07,51147
2026-04-26T08,49332
2026-04-26T09,48083
2026-04-26T10,47435
2026-04-26T11,47119
2026-04-26T12,47320
2026-04-26T13,47654
2026-04-26T14,49662
2026-04-26T15,52211
2026-04-26T16,54960
2026-04-26T17,57333
2026-04-26T18,59108
2026-04-26T19,60744
2026-04-26T20,62757
2026-04-26T21,64721
2026-04-26T22,66455
2026-04-26T23,67395
2026-04-27T00,66968
2026-04-27T01,65781
2026-04-27T02,65220
2026-04-27T03,63721
2026-04-27T04,60693
2026-04-27T05,57207
2026-04-27T06,54213
2026-04-27T07,52180
2026-04-27T08,50805
2026-04-27T09,50036
2026-04-27T10,50072
2026-04-27T11,51381
2026-04-27T12,53465
2026-04-27T13,54029
2026-04-27T14,56111
2026-04-27T15,58446
2026-04-27T16,61040
2026-04-27T17,63673
2026-04-27T18,66411
2026-04-27T19,69045
2026-04-27T20,71525
2026-04-27T21,73239
2026-04-27T22,74692
2026-04-27T23,74471
2026-04-28T00,71485
2026-04-28T01,67920
2026-04-28T02,65690
2026-04-28T03,63142
2026-04-28T04,59803
2026-04-28T05,58239
2026-04-28T06,55781
2026-04-28T07,53944
2026-04-28T08,52360
2026-04-28T09,51596
2026-04-28T10,51817
2026-04-28T11,53110
2026-04-28T12,55242
2026-04-28T13,56000
2026-04-28T14,57038
2026-04-28T15,58930
2026-04-28T16,61190
2026-04-28T17,63577
2026-04-28T18,65816
2026-04-28T19,68142
2026-04-28T20,70017
2026-04-28T21,71257
2026-04-28T22,71802
2026-04-28T23,71414
2026-04-29T00,69374
2026-04-29T01,66372
2026-04-29T02,65155
2026-04-29T03,63742
2026-04-29T04,60526
2026-04-29T05,56966
2026-04-29T06,53894
2026-04-29T07,51206
2026-04-29T08,49151
2026-04-29T09,48004
2026-04-29T10,48378
2026-04-29T11,49564
2026-04-29T12,51419
2026-04-29T13,52655
2026-04-29T14,53997
2026-04-29T15,55283
2026-04-29T16,56675
2026-04-29T17,58143
2026-04-29T18,59293
2026-04-29T19,60325
2026-04-29T20,60659
2026-04-29T21,60284
2026-04-29T22,60763
2026-04-29T23,60417
2026-04-30T00,59289
2026-04-30T01,58123
2026-04-30T02,57713
2026-04-30T03,56313
2026-04-30T04,53589
2026-04-30T05,50695
2026-04-30T06,48279
2026-04-30T07,46486
2026-04-30T08,45453
2026-04-30T09,44641
2026-04-30T10,44968
2026-04-30T11,46287
2026-04-30T12,48511
2026-04-30T13,49391
2026-04-30T14,50383
2026-04-30T15,51492
2026-04-30T16,52866
2026-04-30T17,54317
2026-04-30T18,55725
2026-04-30T19,56897
2026-04-30T20,57154
2026-04-30T21,57267
2026-04-30T22,57007
2026-04-30T23,56864
2026-05-01T00,56058
2026-05-01T01,55363
2026-05-01T02,55331
2026-05-01T03,54168
2026-05-01T04,51525
2026-05-01T05,48641
2026-05-01T06,46397
2026-05-01T07,44791
2026-05-01T08,43574
2026-05-01T09,43171
2026-05-01T10,43348
2026-05-01T11,44541
2026-05-01T12,46765
2026-05-01T13,47873
2026-05-01T14,48771
2026-05-01T15,49751
2026-05-01T16,50193
2026-05-01T17,50227
2026-05-01T18,50132
2026-05-01T19,50020
2026-05-01T20,49930
2026-05-01T21,49899
2026-05-01T22,49909
2026-05-01T23,49729
2026-05-02T00,49311
2026-05-02T01,48855
2026-05-02T02,49149
2026-05-02T03,48763
2026-05-02T04,47251
2026-05-02T05,45195
2026-05-02T06,43355
2026-05-02T07,42067
2026-05-02T08,40980
2026-05-02T09,40635
2026-05-02T10,40673
2026-05-02T11,40961
2026-05-02T12,41739
2026-05-02T13,42329
2026-05-02T14,44928
2026-05-02T15,45782
2026-05-02T16,46189
2026-05-02T17,46783
2026-05-02T18,47179
2026-05-02T19,47680
2026-05-02T20,48424
2026-05-02T21,49742
2026-05-02T22,51205
2026-05-02T23,52358
2026-05-03T00,52522
2026-05-03T01,51477
2026-05-03T02,50967
2026-05-03T03,50070
2026-05-03T04,48046
2026-05-03T05,45944
2026-05-03T06,44039
2026-05-03T07,42584
2026-05-03T08,41533
2026-05-03T09,41078
2026-05-03T10,40951
2026-05-03T11,41087
2026-05-03T12,41448
2026-05-03T13,42083
2026-05-03T14,43331
2026-05-03T15,44740
2026-05-03T16,46040
2026-05-03T17,47338
2026-05-03T18,48964
2026-05-03T19,51085
2026-05-03T20,52971
2026-05-03T21,54910
2026-05-03T22,56622
2026-05-03T23,57527
2026-05-04T00,57503
2026-05-04T01,56171
2026-05-04T02,55474
2026-05-04T03,54235
2026-05-04T04,51468
2026-05-04T05,48256
2026-05-04T06,45507
2026-05-04T07,43703
2026-05-04T08,42622
2026-05-04T09,42200
2026-05-04T10,42482
2026-05-04T11,44087
2026-05-04T12,46450
2026-05-04T13,47453
2026-05-04T14,48468
2026-05-04T15,50006
2026-05-04T16,51908
2026-05-04T17,53457
2026-05-04T18,55093
2026-05-04T19,56986
2026-05-04T20,58876
2026-05-04T21,60492
2026-05-04T22,61917
2026-05-04T23,62431
2026-05-05T00,61785
2026-05-05T01,60675
2026-05-05T02,60634
2026-05-05T03,59338
2026-05-05T04,56079
2026-05-05T05,52621
2026-05-05T06,49963
2026-05-05T07,48177
2026-05-05T08,47071
2026-05-05T09,46621
2026-05-05T10,46860
2026-05-05T11,48299
2026-05-05T12,50819
2026-05-05T13,51815
2026-05-05T14,52760
2026-05-05T15,54058
2026-05-05T16,55743
2026-05-05T17,57501
2026-05-05T18,59439
2026-05-05T19,61645
2026-05-05T20,63838
2026-05-05T21,66279
2026-05-05T22,68098
2026-05-05T23,68590
2026-05-06T00,66994
2026-05-06T01,64942
2026-05-06T02,63707
2026-05-06T03,61552
2026-05-06T04,58009
2026-05-06T05,54120
2026-05-06T06,51002
2026-05-06T07,49099
2026-05-06T08,47794
2026-05-06T09,47186
2026-05-06T10,47186
2026-05-06T11,48330
2026-05-06T12,50756
2026-05-06T13,51859
2026-05-06T14,52586
2026-05-06T15,53819
2026-05-06T16,54718
2026-05-06T17,55103
2026-05-06T18,56073
2026-05-06T19,57726
2026-05-06T20,59180
2026-05-06T21,60101
2026-05-06T22,60673
2026-05-06T23,60586
2026-05-07T00,59509
2026-05-07T01,58158
2026-05-07T02,57533
2026-05-07T03,56130
2026-05-07T04,53238
2026-05-07T05,50087
2026-05-07T06,47438
2026-05-07T07,45675
2026-05-07T08,44461
2026-05-07T09,43959
2026-05-07T10,44079
2026-05-07T11,45359
2026-05-07T12,47660
2026-05-07T13,48534
2026-05-07T14,49004
2026-05-07T15,49394
2026-05-07T16,49771
2026-05-07T17,50176
2026-05-07T18,50704
2026-05-07T19,51803
2026-05-07T20,52866
2026-05-07T21,53964
2026-05-07T22,54889
2026-05-07T23,54998
2026-05-08T00,54369
2026-05-08T01,53952
2026-05-08T02,54414
2026-05-08T03,53565
2026-05-08T04,50990
2026-05-08T05,48007
2026-05-08T06,45578
2026-05-08T07,43935
2026-05-08T08,43002
2026-05-08T09,42463
2026-05-08T10,42771
2026-05-08T11,44162
2026-05-08T12,46487
2026-05-08T13,47569
2026-05-08T14,48754
2026-05-08T15,49939
2026-05-08T16,50944
2026-05-08T17,51877
2026-05-08T18,52939
2026-05-08T19,54479
2026-05-08T20,55795
2026-05-08T21,56663
2026-05-08T22,57506
2026-05-08T23,57977
2026-05-09T00,57213
2026-05-09T01,56090
2026-05-09T02,56294
2026-05-09T03,55901
2026-05-09T04,54132
2026-05-09T05,52011
2026-05-09T06,49766
2026-05-09T07,47859
2026-05-09T08,46685
2026-05-09T09,45842
2026-05-09T10,45772
2026-05-09T11,46160
2026-05-09T12,46716
2026-05-09T13,47436
2026-05-09T14,49753
2026-05-09T15,52293
2026-05-09T16,54450
2026-05-09T17,56958
2026-05-09T18,59895
2026-05-09T19,63091
2026-05-09T20,65934
2026-05-09T21,68277
2026-05-09T22,69767
2026-05-09T23,70247
2026-05-10T00,69188
2026-05-10T01,66724
2026-05-10T02,64251
2026-05-10T03,62184
2026-05-10T04,59640
2026-05-10T05,56672
2026-05-10T06,53573
2026-05-10T07,51137
2026-05-10T08,49292
2026-05-10T09,47872
2026-05-10T10,47014
2026-05-10T11,46616
2026-05-10T12,46434
2026-05-10T13,46698
2026-05-10T14,49044
2026-05-10T15,52283
2026-05-10T16,55570
2026-05-10T17,58688
2026-05-10T18,60491
2026-05-10T19,62370
2026-05-10T20,63992
2026-05-10T21,64856
2026-05-10T22,65191
2026-05-10T23,64612
2026-05-11T00,63645
2026-05-11T01,61974
2026-05-11T02,61095
2026-05-11T03,59320
2026-05-11T04,55715
2026-05-11T05,52017
2026-05-11T06,49097
2026-05-11T07,46980
2026-05-11T08,45503
2026-05-11T09,44515
2026-05-11T10,44492
2026-05-11T11,45702
2026-05-11T12,48164
2026-05-11T13,49279
2026-05-11T14,49942
2026-05-11T15,50886
2026-05-11T16,52514
2026-05-11T17,54165
2026-05-11T18,55603
2026-05-11T19,57525
2026-05-11T20,59161
2026-05-11T21,60575
2026-05-11T22,62060
2026-05-11T23,63107
2026-05-12T00,62875
2026-05-12T01,61223
2026-05-12T02,59596
2026-05-12T03,57914
2026-05-12T04,54446
2026-05-12T05,50873
2026-05-12T06,47954
2026-05-12T07,45928
2026-05-12T08,44454
2026-05-12T09,43682
2026-05-12T10,43682
2026-05-12T11,44929
2026-05-12T12,47122
2026-05-12T13,48376
2026-05-12T14,49835
2026-05-12T15,51438
2026-05-12T16,53623
2026-05-12T17,55990
2026-05-12T18,58646
2026-05-12T19,61258
2026-05-12T20,63831
2026-05-12T21,66446
2026-05-12T22,68514
2026-05-12T23,69495
2026-05-13T00,68670
2026-05-13T01,66107
2026-05-13T02,63665
2026-05-13T03,61522
2026-05-13T04,57663
2026-05-13T05,53541
2026-05-13T06,50042
2026-05-13T07,47856
2026-05-13T08,46209
2026-05-13T09,45219
2026-05-13T10,45075
2026-05-13T11,46082
2026-05-13T12,47694
2026-05-13T13,48663
2026-05-13T14,51225
2026-05-13T15,53783
2026-05-13T16,56649
2026-05-13T17,59771
2026-05-13T18,63064
2026-05-13T19,66510
2026-05-13T20,69387
2026-05-13T21,71935
2026-05-13T22,73808
2026-05-13T23,74662
2026-05-14T00,73545
2026-05-14T01,70783
2026-05-14T02,67665
2026-05-14T03,65130
2026-05-14T04,61226
2026-05-14T05,56947
2026-05-14T06,53159
2026-05-14T07,50320
2026-05-14T08,48358
2026-05-14T09,47085
2026-05-14T10,46772
2026-05-14T11,47654
2026-05-14T12,49383
2026-05-14T13,50686
2026-05-14T14,53056
2026-05-14T15,55717
2026-05-14T16,58920
2026-05-14T17,62023
2026-05-14T18,65033
2026-05-14T19,68381
2026-05-14T20,71081
2026-05-14T21,73076
2026-05-14T22,74659
2026-05-14T23,74786
2026-05-15T00,73308
2026-05-15T01,70629
2026-05-15T02,68264
2026-05-15T03,65265
2026-05-15T04,61021
2026-05-15T05,56989
2026-05-15T06,53657
2026-05-15T07,51115
2026-05-15T08,49352
2026-05-15T09,48357
2026-05-15T10,48262
2026-05-15T11,49276
2026-05-15T12,51008
2026-05-15T13,52153
2026-05-15T14,54168
2026-05-15T15,56393
2026-05-15T16,58842
2026-05-15T17,61478
2026-05-15T18,64372
2026-05-15T19,66918
2026-05-15T20,69293
2026-05-15T21,70901
2026-05-15T22,70818
2026-05-15T23,69679
2026-05-16T00,67540
2026-05-16T01,65520
2026-05-16T02,64446
2026-05-16T03,63054
2026-05-16T04,60548
2026-05-16T05,57591
2026-05-16T06,54859
2026-05-16T07,52310
2026-05-16T08,50389
2026-05-16T09,49066
2026-05-16T10,48306
2026-05-16T11,48054
2026-05-16T12,48292
2026-05-16T13,49108
2026-05-16T14,51813
2026-05-16T15,55034
2026-05-16T16,57945
2026-05-16T17,60573
2026-05-16T18,62950
2026-05-16T19,65089
2026-05-16T20,67103
2026-05-16T21,68990
2026-05-16T22,70193
2026-05-16T23,70395
2026-05-17T00,69720
2026-05-17T01,67328
2026-05-17T02,65616
2026-05-17T03,64190
2026-05-17T04,61470
2026-05-17T05,58761
2026-05-17T06,56441
2026-05-17T07,54484
2026-05-17T08,52953
2026-05-17T09,51857
2026-05-17T10,51323
2026-05-17T11,51224
2026-05-17T12,51304
2026-05-17T13,51921
2026-05-17T14,54017
2026-05-17T15,56702
2026-05-17T16,59320
2026-05-17T17,61709
2026-05-17T18,63606
2026-05-17T19,65271
2026-05-17T20,66436
2026-05-17T21,67454
2026-05-17T22,68330
2026-05-17T23,68969
2026-05-18T00,68127
2026-05-18T01,66995
2026-05-18T02,66594
2026-05-18T03,65836
2026-05-18T04,63219
2026-05-18T05,60007
2026-05-18T06,57453
2026-05-18T07,55571
2026-05-18T08,54432
2026-05-18T09,53889
2026-05-18T10,54383
2026-05-18T11,55830
2026-05-18T12,57860
2026-05-18T13,58736
2026-05-18T14,59824
2026-05-18T15,61666
2026-05-18T16,63921
2026-05-18T17,66699
2026-05-18T18,69223
2026-05-18T19,71571
2026-05-18T20,73503
2026-05-18T21,75140
2026-05-18T22,76276
2026-05-18T23,76485
2026-05-19T00,75299
2026-05-19T01,73305
2026-05-19T02,71869
2026-05-19T03,70037
2026-05-19T04,66784
2026-05-19T05,63302
2026-05-19T06,60045
2026-05-19T07,57645
2026-05-19T08,55878
2026-05-19T09,54590
2026-05-19T10,54439
2026-05-19T11,55235
2026-05-19T12,56695
2026-05-19T13,57021
2026-05-19T14,58055
2026-05-19T15,59451
2026-05-19T16,61095
2026-05-19T17,63804
2026-05-19T18,66891
2026-05-19T19,68802
2026-05-19T20,69354
2026-05-19T21,69229
2026-05-19T22,69074
2026-05-19T23,68507
2026-05-20T00,66424
2026-05-20T01,64339
2026-05-20T02,63221
2026-05-20T03,61298
2026-05-20T04,56866
2026-05-20T05,52412
2026-05-20T06,49298
2026-05-20T07,47169
2026-05-20T08,45834
2026-05-20T09,45073
2026-05-20T10,45206
2026-05-20T11,46476
2026-05-20T12,48675
2026-05-20T13,49617
2026-05-20T14,50279
2026-05-20T15,51267
2026-05-20T16,52328
2026-05-20T17,53551
2026-05-20T18,54671
2026-05-20T19,56300
2026-05-20T20,58207
2026-05-20T21,60402
2026-05-20T22,62841
2026-05-20T23,64033
2026-05-21T00,63631
2026-05-21T01,61722
2026-05-21T02,60890
2026-05-21T03,59759
2026-05-21T04,57016
2026-05-21T05,53886
2026-05-21T06,50632
2026-05-21T07,48711
2026-05-21T08,47420
2026-05-21T09,46713
2026-05-21T10,46805
2026-05-21T11,47950
2026-05-21T12,49839
2026-05-21T13,50847
2026-05-21T14,51490
2026-05-21T15,51895
2026-05-21T16,53157
2026-05-21T17,54172
2026-05-21T18,55179
2026-05-21T19,56447
2026-05-21T20,57609
2026-05-21T21,58413
2026-05-21T22,59149
2026-05-21T23,60072
2026-05-22T00,59467
2026-05-22T01,58356
2026-05-22T02,57561
2026-05-22T03,56408
2026-05-22T04,53826
2026-05-22T05,50979
2026-05-22T06,48383
2026-05-22T07,46586
2026-05-22T08,45423
2026-05-22T09,44768
2026-05-22T10,44978
2026-05-22T11,46202
2026-05-22T12,47905
2026-05-22T13,49314
2026-05-22T14,51373
2026-05-22T15,54145
2026-05-22T16,57102
2026-05-22T17,60086
2026-05-22T18,62775
2026-05-22T19,65797
2026-05-22T20,68375
2026-05-22T21,70351
2026-05-22T22,71912
2026-05-22T23,72151
2026-05-23T00,70846
2026-05-23T01,68396
2026-05-23T02,66054
2026-05-23T03,64031
2026-05-23T04,60952
2026-05-23T05,57485
2026-05-23T06,54327
2026-05-23T07,51692
2026-05-23T08,49652
2026-05-23T09,47982
2026-05-23T10,47041
2026-05-23T11,46556
2026-05-23T12,46141
2026-05-23T13,46329
2026-05-23T14,48495
2026-05-23T15,51230
2026-05-23T16,53704
2026-05-23T17,55829
2026-05-23T18,57478
2026-05-23T19,58248
2026-05-23T20,58660
2026-05-23T21,59065
2026-05-23T22,59825
2026-05-23T23,60512
2026-05-24T00,60282
2026-05-24T01,59042
2026-05-24T02,57854
2026-05-24T03,56837
2026-05-24T04,54386
2026-05-24T05,51783
2026-05-24T06,49318
2026-05-24T07,47077
2026-05-24T08,45719
2026-05-24T09,44822
2026-05-24T10,44207
2026-05-24T11,43875
2026-05-24T12,43792
2026-05-24T13,44685
2026-05-24T14,47227
2026-05-24T15,50399
2026-05-24T16,53566
2026-05-24T17,57078
2026-05-24T18,60456
2026-05-24T19,63401
2026-05-24T20,65728
2026-05-24T21,67490
2026-05-24T22,67749
2026-05-24T23,66716
2026-05-25T00,65024
2026-05-25T01,62847
2026-05-25T02,60879
2026-05-25T03,59174
2026-05-25T04,56549
2026-05-25T05,53519
2026-05-25T06,50691
2026-05-25T07,48428
2026-05-25T08,46806
2026-05-25T09,45713
2026-05-25T10,45454
2026-05-25T11,45763
2026-05-25T12,45903
2026-05-25T13,46593
2026-05-25T14,49292
2026-05-25T15,52664
2026-05-25T16,56623
2026-05-25T17,60484
2026-05-25T18,63886
2026-05-25T19,66730
2026-05-25T20,68780
2026-05-25T21,69679
2026-05-25T22,69642
2026-05-25T23,69147
2026-05-26T00,67443
2026-05-26T01,65160
2026-05-26T02,63418
2026-05-26T03,61345
2026-05-26T04,57844
2026-05-26T05,54247
2026-05-26T06,51227
2026-05-26T07,48948
2026-05-26T08,47250
2026-05-26T09,46321
2026-05-26T10,46398
2026-05-26T11,47587
2026-05-26T12,49146
2026-05-26T13,50800
2026-05-26T14,52800
2026-05-26T15,55154
2026-05-26T16,57643
2026-05-26T17,61009
2026-05-26T18,64173
2026-05-26T19,66661
2026-05-26T20,68515
2026-05-26T21,69079
2026-05-26T22,70031
2026-05-26T23,70269
2026-05-27T00,68708
2026-05-27T01,65912
2026-05-27T02,63208
2026-05-27T03,60630
2026-05-27T04,56902
2026-05-27T05,53834
2026-05-27T06,51151
2026-05-27T07,49012
2026-05-27T08,47614
2026-05-27T09,46005
2026-05-27T10,45583
2026-05-27T11,46334
2026-05-27T12,47837
2026-05-27T13,49084
2026-05-27T14,50475
2026-05-27T15,51764
2026-05-27T16,53214
2026-05-27T17,54258
2026-05-27T18,55278
2026-05-27T19,56359
2026-05-27T20,57683
2026-05-27T21,59376
2026-05-27T22,60840
2026-05-27T23,61659
2026-05-28T00,61474
2026-05-28T01,60340
2026-05-28T02,59182
2026-05-28T03,58450
2026-05-28T04,55502
2026-05-28T05,52222
2026-05-28T06,49521
2026-05-28T07,47594
2026-05-28T08,46171
2026-05-28T09,45321
2026-05-28T10,45113
2026-05-28T11,46253
2026-05-28T12,47820
2026-05-28T13,49153
2026-05-28T14,51288
2026-05-28T15,53734
2026-05-28T16,56549
2026-05-28T17,59726
2026-05-28T18,63120
2026-05-28T19,66213
2026-05-28T20,68908
2026-05-28T21,71524
2026-05-28T22,73047
2026-05-28T23,73401
2026-05-29T00,71644
2026-05-29T01,69238
2026-05-29T02,66807
2026-05-29T03,65096
2026-05-29T04,61884
2026-05-29T05,58117
2026-05-29T06,54585
2026-05-29T07,51916
2026-05-29T08,50180
2026-05-29T09,49042
2026-05-29T10,48821
2026-05-29T11,49688
2026-05-29T12,50674
2026-05-29T13,52441
2026-05-29T14,55248
2026-05-29T15,58480
2026-05-29T16,62116
2026-05-29T17,65915
2026-05-29T18,69416
2026-05-29T19,72824
2026-05-29T20,75351
2026-05-29T21,76980
2026-05-29T22,77635
2026-05-29T23,77793
2026-05-30T00,76278
2026-05-30T01,73827
2026-05-30T02,70810
2026-05-30T03,68450
2026-05-30T04,65281
2026-05-30T05,61634
2026-05-30T06,58132
2026-05-30T07,55281
2026-05-30T08,53105
2026-05-30T09,51461
2026-05-30T10,50489
2026-05-30T11,50155
2026-05-30T12,49998
2026-05-30T13,51035
2026-05-30T14,53817
2026-05-30T15,57141
2026-05-30T16,60792
2026-05-30T17,64253
2026-05-30T18,67364
2026-05-30T19,70043
2026-05-30T20,72308
2026-05-30T21,74034
2026-05-30T22,74905
2026-05-30T23,74509
2026-05-31T00,73176
2026-05-31T01,70893
2026-05-31T02,68390
2026-05-31T03,66509
2026-05-31T04,63797
2026-05-31T05,60670
2026-05-31T06,57501
2026-05-31T07,54926
2026-05-31T08,52769
2026-05-31T09,51252
2026-05-31T10,50229
2026-05-31T11,49765
2026-05-31T12,49255
2026-05-31T13,50453
2026-05-31T14,53836
2026-05-31T15,57641
2026-05-31T16,61337
2026-05-31T17,64976
2026-05-31T18,68310
2026-05-31T19,71324
2026-05-31T20,73639
2026-05-31T21,75340
2026-05-31T22,76425
2026-05-31T23,76828
2026-06-01T00,76121
2026-06-01T01,73963
2026-06-01T02,71190
2026-06-01T03,68743
2026-06-01T04,64982
2026-06-01T05,61104
2026-06-01T06,57243
2026-06-01T07,54644
2026-06-01T08,52548
2026-06-01T09,51357
2026-06-01T10,51167
2026-06-01T11,52339
2026-06-01T12,53335
2026-06-01T13,55072
2026-06-01T14,58326
2026-06-01T15,61830
2026-06-01T16,65641
2026-06-01T17,69381
2026-06-01T18,72596
2026-06-01T19,75599
2026-06-01T20,77587
2026-06-01T21,78193
2026-06-01T22,78356
2026-06-01T23,78113
2026-06-02T00,77912
2026-06-02T01,76799
2026-06-02T02,74520
2026-06-02T03,72334
2026-06-02T04,68349
2026-06-02T05,63785
2026-06-02T06,59836
2026-06-02T07,56930
2026-06-02T08,54706
2026-06-02T09,53395
2026-06-02T10,52919
2026-06-02T11,53596
2026-06-02T12,54628
2026-06-02T13,56299
2026-06-02T14,59211
2026-06-02T15,62616
2026-06-02T16,66352
2026-06-02T17,70488
2026-06-02T18,74043
2026-06-02T19,76804
2026-06-02T20,77831
2026-06-02T21,77733
2026-06-02T22,76779
2026-06-02T23,74856
2026-06-03T00,72107
2026-06-03T01,69489
2026-06-03T02,66958
2026-06-03T03,64587
2026-06-03T04,60812
2026-06-03T05,56962
2026-06-03T06,53571
2026-06-03T07,50950
2026-06-03T08,48981
2026-06-03T09,47947
2026-06-03T10,47840
2026-06-03T11,48999
2026-06-03T12,50572
2026-06-03T13,51838
2026-06-03T14,54251
2026-06-03T15,56880
2026-06-03T16,60272
2026-06-03T17,63753
2026-06-03T18,66715
2026-06-03T19,68550
2026-06-03T20,69756
2026-06-03T21,70451
2026-06-03T22,71034
2026-06-03T23,70700
2026-06-04T00,69940
2026-06-04T01,67747
2026-06-04T02,65597
2026-06-04T03,63757
2026-06-04T04,60671
2026-06-04T05,57451
2026-06-04T06,54401
2026-06-04T07,51786
2026-06-04T08,50169
2026-06-04T09,49334
2026-06-04T10,49093
2026-06-04T11,50100
2026-06-04T12,51489
2026-06-04T13,52691
2026-06-04T14,54890
2026-06-04T15,57220
2026-06-04T16,60003
2026-06-04T17,62646
2026-06-04T18,65370
2026-06-04T19,68002
2026-06-04T20,69839
2026-06-04T21,70916
2026-06-04T22,72049
2026-06-04T23,71990
2026-06-05T00,70649
2026-06-05T01,68649
2026-06-05T02,66636
2026-06-05T03,64476
2026-06-05T04,61878
2026-06-05T05,58437
2026-06-05T06,55581
2026-06-05T07,53266
2026-06-05T08,51893
2026-06-05T09,50673
2026-06-05T10,50749
2026-06-05T11,51581
2026-06-05T12,52606
2026-06-05T13,53642
2026-06-05T14,55312
2026-06-05T15,57462
2026-06-05T16,60178
2026-06-05T17,62649
2026-06-05T18,64104
2026-06-05T19,65951
2026-06-05T20,67008
2026-06-05T21,67161
2026-06-05T22,66908
2026-06-05T23,66123
2026-06-06T00,64805
2026-06-06T01,63065
2026-06-06T02,61887
2026-06-06T03,61135
2026-06-06T04,58937
2026-06-06T05,56375
2026-06-06T06,53378
2026-06-06T07,51319
2026-06-06T08,50105
2026-06-06T09,49230
2026-06-06T10,48758
2026-06-06T11,48825
2026-06-06T12,49192
2026-06-06T13,49789
2026-06-06T14,52108
2026-06-06T15,55025
2026-06-06T16,58269
2026-06-06T17,61455
2026-06-06T18,64322
2026-06-06T19,66675
2026-06-06T20,68368
2026-06-06T21,70031
2026-06-06T22,71182
2026-06-06T23,71471
2026-06-07T00,69304
2026-06-07T01,66135
2026-06-07T02,63688
2026-06-07T03,61826
2026-06-07T04,59260
2026-06-07T05,57926
2026-06-07T06,55537
2026-06-07T07,53564
2026-06-07T08,52019
2026-06-07T09,51102
2026-06-07T10,50620
2026-06-07T11,50366
2026-06-07T12,50347
2026-06-07T13,50795
2026-06-07T14,53052
2026-06-07T15,56282
2026-06-07T16,59313
2026-06-07T17,61768
2026-06-07T18,63795
2026-06-07T19,65903
2026-06-07T20,68136
2026-06-07T21,70569
2026-06-07T22,72304
2026-06-07T23,73021
2026-06-08T00,72480
2026-06-08T01,71145
2026-06-08T02,69693
2026-06-08T03,68647
2026-06-08T04,65948
2026-06-08T05,62608
2026-06-08T06,59558
2026-06-08T07,57397
2026-06-08T08,55993
2026-06-08T09,55266
2026-06-08T10,55337
2026-06-08T11,56237
2026-06-08T12,57574
2026-06-08T13,58711
2026-06-08T14,60731
2026-06-08T15,63282
2026-06-08T16,66284
2026-06-08T17,69622
2026-06-08T18,72823
2026-06-08T19,75374
2026-06-08T20,76642
2026-06-08T21,77430
2026-06-08T22,77578
2026-06-08T23,77415
2026-06-09T00,76588
2026-06-09T01,74846
2026-06-09T02,72324
2026-06-09T03,70510
2026-06-09T04,66876
2026-06-09T05,63275
2026-06-09T06,59755
2026-06-09T07,57253
2026-06-09T08,55305
2026-06-09T09,54188
2026-06-09T10,54030
2026-06-09T11,54673
2026-06-09T12,55767
2026-06-09T13,56852
2026-06-09T14,59507
2026-06-09T15,62652
2026-06-09T16,65998
2026-06-09T17,69342
2026-06-09T18,72553
2026-06-09T19,75599
2026-06-09T20,77487
2026-06-09T21,78040
2026-06-09T22,78015
2026-06-09T23,77852
2026-06-10T00,77575
2026-06-10T01,76783
2026-06-10T02,74732
2026-06-10T03,72465
2026-06-10T04,68791
2026-06-10T05,64731
2026-06-10T06,61078
2026-06-10T07,58336
2026-06-10T08,56565
2026-06-10T09,55830
2026-06-10T10,55743
2026-06-10T11,56346
2026-06-10T12,57360
2026-06-10T13,58288
2026-06-10T14,60589
2026-06-10T15,63485
2026-06-10T16,66721
2026-06-10T17,70106
2026-06-10T18,73173
2026-06-10T19,76104
2026-06-10T20,77829
2026-06-10T21,77852
2026-06-10T22,78439
2026-06-10T23,78493
2026-06-11T00,78103
2026-06-11T01,77279
2026-06-11T02,75656
2026-06-11T03,73771
2026-06-11T04,70313
2026-06-11T05,66652
2026-06-11T06,63168
2026-06-11T07,60588
2026-06-11T08,58623
2026-06-11T09,57252
2026-06-11T10,56984
2026-06-11T11,57496
2026-06-11T12,58385
2026-06-11T13,59640
2026-06-11T14,62238
2026-06-11T15,65292
2026-06-11T16,68480
2026-06-11T17,71871
2026-06-11T18,74972
2026-06-11T19,77454
2026-06-11T20,78006
2026-06-11T21,78110
2026-06-11T22,78292
2026-06-11T23,78240
2026-06-12T00,77913
2026-06-12T01,77007
2026-06-12T02,75350
2026-06-12T03,73417
2026-06-12T04,69916
2026-06-12T05,66113
2026-06-12T06,62799
2026-06-12T07,60160
2026-06-12T08,58222
2026-06-12T09,57088
2026-06-12T10,56619
2026-06-12T11,56930
2026-06-12T12,57495
2026-06-12T13,58751
2026-06-12T14,61807
2026-06-12T15,65328
2026-06-12T16,68954
2026-06-12T17,71932
2026-06-12T18,74010
2026-06-12T19,75402
2026-06-12T20,76020
2026-06-12T21,76119
2026-06-12T22,76434
2026-06-12T23,76332
2026-06-13T00,75503
2026-06-13T01,73782
2026-06-13T02,71383
2026-06-13T03,69537
2026-06-13T04,66681
2026-06-13T05,63507
2026-06-13T06,60586
2026-06-13T07,57656
2026-06-13T08,55670
2026-06-13T09,54228
2026-06-13T10,53456
2026-06-13T11,53168
2026-06-13T12,53101
2026-06-13T13,54136
2026-06-13T14,57513
2026-06-13T15,61767
2026-06-13T16,65685
2026-06-13T17,69338
2026-06-13T18,72542
2026-06-13T19,74776
2026-06-13T20,76727
2026-06-13T21,77685
2026-06-13T22,77706
2026-06-13T23,77546
2026-06-14T00,76884
2026-06-14T01,75115
2026-06-14T02,72337
2026-06-14T03,70487
2026-06-14T04,67573
2026-06-14T05,64521
2026-06-14T06,61618
2026-06-14T07,59026
2026-06-14T08,56940
2026-06-14T09,55592
2026-06-14T10,54536
2026-06-14T11,54063
2026-06-14T12,53733
2026-06-14T13,54079
2026-06-14T14,56055
2026-06-14T15,58284
2026-06-14T16,60427
2026-06-14T17,63112
2026-06-14T18,65689
2026-06-14T19,68580
2026-06-14T20,71147
2026-06-14T21,72567
2026-06-14T22,72920
2026-06-14T23,72449
2026-06-15T00,71032
2026-06-15T01,69173
2026-06-15T02,67490
2026-06-15T03,66118
2026-06-15T04,63193
2026-06-15T05,59750
2026-06-15T06,56885
2026-06-15T07,54798
2026-06-15T08,53390
2026-06-15T09,52681
2026-06-15T10,52831
2026-06-15T11,53817
2026-06-15T12,54958
2026-06-15T13,55889
2026-06-15T14,56848
2026-06-15T15,57900
2026-06-15T16,59654
2026-06-15T17,61144
2026-06-15T18,62351
2026-06-15T19,63298
2026-06-15T20,64929
2026-06-15T21,66167
2026-06-15T22,67200
2026-06-15T23,67753
2026-06-16T00,67144
2026-06-16T01,66317
2026-06-16T02,65111
2026-06-16T03,63953
2026-06-16T04,61277
2026-06-16T05,58063
2026-06-16T06,55103
2026-06-16T07,53042
2026-06-16T08,51718
2026-06-16T09,50933
2026-06-16T10,50952
2026-06-16T11,52039
2026-06-16T12,53447
2026-06-16T13,54601
2026-06-16T14,56590
2026-06-16T15,58879
2026-06-16T16,61157
2026-06-16T17,63577
2026-06-16T18,65808
2026-06-16T19,68091
2026-06-16T20,70137
2026-06-16T21,71967
2026-06-16T22,73412
2026-06-16T23,73625
2026-06-17T00,73408
2026-06-17T01,72371
2026-06-17T02,69897
2026-06-17T03,68120
2026-06-17T04,64924
2026-06-17T05,61067
2026-06-17T06,57658
2026-06-17T07,55322
2026-06-17T08,53825
2026-06-17T09,52896
2026-06-17T10,52594
2026-06-17T11,53544
2026-06-17T12,54913
2026-06-17T13,56377
2026-06-17T14,58416
2026-06-17T15,60747
2026-06-17T16,63825
2026-06-17T17,67241
2026-06-17T18,70738
2026-06-17T19,74067
2026-06-17T20,76642
2026-06-17T21,77620
2026-06-17T22,78230
2026-06-17T23,78279
2026-06-18T00,77874
2026-06-18T01,76649
2026-06-18T02,74373
2026-06-18T03,72545
2026-06-18T04,68991
2026-06-18T05,65079
2026-06-18T06,61413
2026-06-18T07,58549
2026-06-18T08,56541
2026-06-18T09,55467
2026-06-18T10,55440
2026-06-18T11,56344
2026-06-18T12,57293
2026-06-18T13,58794
2026-06-18T14,61810
2026-06-18T15,65465
2026-06-18T16,69714
2026-06-18T17,74126
2026-06-18T18,77758
2026-06-18T19,79825
2026-06-18T20,81509
2026-06-18T21,82451
2026-06-18T22,82591
2026-06-18T23,82243
2026-06-19T00,82058
2026-06-19T01,81165
2026-06-19T02,79058
2026-06-19T03,76877
2026-06-19T04,73412
2026-06-19T05,69332
2026-06-19T06,65461
2026-06-19T07,62665
2026-06-19T08,60606
2026-06-19T09,59362
2026-06-19T10,58734
2026-06-19T11,59283
2026-06-19T12,59783
2026-06-19T13,59588
2026-06-19T14,60562
2026-06-19T15,62780
2026-06-19T16,64801
2026-06-19T17,66881
2026-06-19T18,68219
2026-06-19T19,69457
2026-06-19T20,70372
2026-06-19T21,70601
2026-06-19T22,71018
2026-06-19T23,70233
2026-06-20T00,69062
2026-06-20T01,67242
2026-06-20T02,65709
2026-06-20T03,64826
2026-06-20T04,62819
2026-06-20T05,60323
2026-06-20T06,57795
2026-06-20T07,55671
2026-06-20T08,53786
2026-06-20T09,52760
2026-06-20T10,51983
2026-06-20T11,51615
2026-06-20T12,51810
2026-06-20T13,52341
2026-06-20T14,54711
2026-06-20T15,57709
2026-06-20T16,61409
2026-06-20T17,64645
2026-06-20T18,66605
2026-06-20T19,68000
2026-06-20T20,69466
2026-06-20T21,70555
2026-06-20T22,70610
2026-06-20T23,70160
2026-06-21T00,69251
2026-06-21T01,68060
2026-06-21T02,66359
2026-06-21T03,65224
2026-06-21T04,62869
2026-06-21T05,60004
2026-06-21T06,57236
2026-06-21T07,54782
2026-06-21T08,53056
2026-06-21T09,51755
2026-06-21T10,51276
2026-06-21T11,51054
2026-06-21T12,50953
2026-06-21T13,51359
2026-06-21T14,54079
2026-06-21T15,56842
2026-06-21T16,59628
2026-06-21T17,62372
2026-06-21T18,65910
2026-06-21T19,69710
2026-06-21T20,72655
2026-06-21T21,74813
2026-06-21T22,76748
2026-06-21T23,77740
2026-06-22T00,77456
2026-06-22T01,75880
2026-06-22T02,73575
2026-06-22T03,72086
2026-06-22T04,69220
2026-06-22T05,65664
2026-06-22T06,62436
2026-06-22T07,60344
2026-06-22T08,58660
2026-06-22T09,57680
2026-06-22T10,57470
2026-06-22T11,58324
2026-06-22T12,59165
2026-06-22T13,58918
2026-06-22T14,61322
2026-06-22T15,64665
2026-06-22T16,68938
2026-06-22T17,73105
2026-06-22T18,76761
2026-06-22T19,79725
2026-06-22T20,81291
2026-06-22T21,81922
2026-06-22T22,82069
2026-06-22T23,81927
2026-06-23T00,81506
2026-06-23T01,79838
2026-06-23T02,77265
2026-06-23T03,74968
2026-06-23T04,71290
2026-06-23T05,67176
2026-06-23T06,63774
2026-06-23T07,61039
2026-06-23T08,59026
2026-06-23T09,57639
2026-06-23T10,57319
2026-06-23T11,57763
2026-06-23T12,58463
2026-06-23T13,59385
2026-06-23T14,62086
2026-06-23T15,65310
2026-06-23T16,68853
2026-06-23T17,72273
2026-06-23T18,75477
2026-06-23T19,78309
2026-06-23T20,80144
2026-06-23T21,81318
2026-06-23T22,81739
2026-06-23T23,81161
2026-06-24T00,79744
2026-06-24T01,77939
2026-06-24T02,76007
2026-06-24T03,73598
2026-06-24T04,69723
2026-06-24T05,65599
2026-06-24T06,62456
2026-06-24T07,59814
2026-06-24T08,57783
2026-06-24T09,56468
2026-06-24T10,56028
2026-06-24T11,56410
2026-06-24T12,57119
2026-06-24T13,58032
2026-06-24T14,60733
2026-06-24T15,64179
2026-06-24T16,67905
2026-06-24T17,71699
2026-06-24T18,75490
2026-06-24T19,78558
2026-06-24T20,80582
2026-06-24T21,81632
2026-06-24T22,82105
2026-06-24T23,81957
2026-06-25T00,81269
2026-06-25T01,79098
2026-06-25T02,76073
2026-06-25T03,73616
2026-06-25T04,69780
2026-06-25T05,65535
2026-06-25T06,61706
2026-06-25T07,58936
2026-06-25T08,56888
2026-06-25T09,55204
2026-06-25T10,54631
2026-06-25T11,55178
2026-06-25T12,55974
2026-06-25T13,57055
2026-06-25T14,59830
2026-06-25T15,63390
2026-06-25T16,66822
2026-06-25T17,70575
2026-06-25T18,73796
2026-06-25T19,76329
2026-06-25T20,78112
2026-06-25T21,79060
2026-06-25T22,80168
2026-06-25T23,80725
2026-06-26T00,79721
2026-06-26T01,77736
2026-06-26T02,75210
2026-06-26T03,73334
2026-06-26T04,69749
2026-06-26T05,65919
2026-06-26T06,62222
2026-06-26T07,59282
2026-06-26T08,56998
2026-06-26T09,55698
2026-06-26T10,55660
2026-06-26T11,56725
2026-06-26T12,57287
2026-06-26T13,58418
2026-06-26T14,61025
2026-06-26T15,64726
2026-06-26T16,68747
2026-06-26T17,72221
2026-06-26T18,75579
2026-06-26T19,78815
2026-06-26T20,80844
2026-06-26T21,81636
2026-06-26T22,82200
2026-06-26T23,82115
2026-06-27T00,81469
2026-06-27T01,79661
2026-06-27T02,76717
2026-06-27T03,74627
2026-06-27T04,71445
2026-06-27T05,68093
2026-06-27T06,64716
2026-06-27T07,61895
2026-06-27T08,59431
2026-06-27T09,57464
2026-06-27T10,55712
2026-06-27T11,55525
2026-06-27T12,55347
2026-06-27T13,56070
2026-06-27T14,59349
2026-06-27T15,63505
2026-06-27T16,67592
2026-06-27T17,71452
2026-06-27T18,74597
2026-06-27T19,77072
2026-06-27T20,79180
2026-06-27T21,80722
2026-06-27T22,81808
2026-06-27T23,82007
2026-06-28T00,81291
2026-06-28T01,79380
2026-06-28T02,76278
2026-06-28T03,74295
2026-06-28T04,71292
2026-06-28T05,67998
2026-06-28T06,64680
2026-06-28T07,62036
2026-06-28T08,59806
2026-06-28T09,58381
2026-06-28T10,57545
2026-06-28T11,57095
2026-06-28T12,56452
2026-06-28T13,56954
2026-06-28T14,59934
2026-06-28T15,63751
2026-06-28T16,67395
2026-06-28T17,71124
2026-06-28T18,74577
2026-06-28T19,77493
2026-06-28T20,79610
2026-06-28T21,80795
2026-06-28T22,81765
2026-06-28T23,81711
2026-06-29T00,81254
2026-06-29T01,79960
2026-06-29T02,77667
2026-06-29T03,75920
2026-06-29T04,72526
2026-06-29T05,68778
2026-06-29T06,65456
2026-06-29T07,62743
2026-06-29T08,60810
2026-06-29T09,59724
2026-06-29T10,59473
2026-06-29T11,60288
2026-06-29T12,60815
2026-06-29T13,61439
2026-06-29T14,63195
2026-06-29T15,66731
2026-06-29T16,71034
2026-06-29T17,74722
2026-06-29T18,78272
2026-06-29T19,81174
2026-06-29T20,82007
2026-06-29T21,81977
2026-06-29T22,81707
2026-06-29T23,82031
2026-06-30T00,82074
2026-06-30T01,80881
2026-06-30T02,78691
2026-06-30T03,76352
2026-06-30T04,72275
2026-06-30T05,68201
2026-06-30T06,64486
2026-06-30T07,61424
2026-06-30T08,59136
2026-06-30T09,57739
2026-06-30T10,57164
2026-06-30T11,57687
2026-06-30T12,58405
2026-06-30T13,59439
2026-06-30T14,62021
2026-06-30T15,65657
2026-06-30T16,69327
2026-06-30T17,72862
2026-06-30T18,76268
2026-06-30T19,79342
2026-06-30T20,81530
2026-06-30T21,81962
2026-06-30T22,82117
2026-06-30T23,81970
2026-07-01T00,81689
2026-07-01T01,80476
2026-07-01T02,77426
2026-07-01T03,74488
2026-07-01T04,70965
2026-07-01T05,67191
2026-07-01T06,63507
2026-07-01T07,60747
2026-07-01T08,58658
2026-07-01T09,57068
2026-07-01T10,56649
2026-07-01T11,57310
2026-07-01T12,57822
2026-07-01T13,58979
2026-07-01T14,61930
2026-07-01T15,65696
2026-07-01T16,69418
2026-07-01T17,73186
2026-07-01T18,76302
2026-07-01T19,79137
2026-07-01T20,80772
2026-07-01T21,80940
2026-07-01T22,81359
2026-07-01T23,81307
2026-07-02T00,80771
2026-07-02T01,79369
2026-07-02T02,76979
2026-07-02T03,74945
2026-07-02T04,70886
2026-07-02T05,66924
2026-07-02T06,63324
2026-07-02T07,60410
2026-07-02T08,58199
2026-07-02T09,56645
2026-07-02T10,56260
2026-07-02T11,56714
2026-07-02T12,57431
2026-07-02T13,58752
2026-07-02T14,61872
2026-07-02T15,65360
2026-07-02T16,69349
2026-07-02T17,73089
2026-07-02T18,76213
2026-07-02T19,78886
2026-07-02T20,80502
2026-07-02T21,81368
2026-07-02T22,81751
2026-07-02T23,81555
2026-07-03T00,80972
2026-07-03T01,79362
2026-07-03T02,76694
2026-07-03T03,74694
2026-07-03T04,71250
2026-07-03T05,67117
2026-07-03T06,63269
2026-07-03T07,60204
2026-07-03T08,57879
2026-07-03T09,56281
2026-07-03T10,55588
2026-07-03T11,55476
2026-07-03T12,55283
2026-07-03T13,56129
2026-07-03T14,59839
2026-07-03T15,64047
2026-07-03T16,68552
2026-07-03T17,72557
2026-07-03T18,76075
2026-07-03T19,78955
2026-07-03T20,80665
2026-07-03T21,81197
2026-07-03T22,81656
2026-07-03T23,81966
2026-07-04T00,81349
2026-07-04T01,79963
2026-07-04T02,77372
2026-07-04T03,75039
2026-07-04T04,71780
2026-07-04T05,68537
2026-07-04T06,65013
2026-07-04T07,62029
2026-07-04T08,59672
2026-07-04T09,57819
2026-07-04T10,56463
2026-07-04T11,55651
2026-07-04T12,54961
2026-07-04T13,55660
2026-07-04T14,59369
2026-07-04T15,63761
2026-07-04T16,68211
2026-07-04T17,72715
2026-07-04T18,76519
2026-07-04T19,79669
2026-07-04T20,81282
2026-07-04T21,81766
2026-07-04T22,82223
2026-07-04T23,81587
2026-07-05T00,81042
2026-07-05T01,78957
2026-07-05T02,75755
2026-07-05T03,72730
2026-07-05T04,70131
2026-07-05T05,67597
2026-07-05T06,64695
2026-07-05T07,61554
2026-07-05T08,58693
2026-07-05T09,56723
2026-07-05T10,55072
2026-07-05T11,54039
2026-07-05T12,53247
2026-07-05T13,53751
2026-07-05T14,56753
2026-07-05T15,61379
2026-07-05T16,66324
2026-07-05T17,71148
2026-07-05T18,75166
2026-07-05T19,78054
2026-07-05T20,79967
2026-07-05T21,80886
2026-07-05T22,81361
2026-07-05T23,81139
2026-07-06T00,80413
2026-07-06T01,77685
2026-07-06T02,74599
2026-07-06T03,72204
2026-07-06T04,68132
2026-07-06T05,64007
2026-07-06T06,60323
2026-07-06T07,57842
2026-07-06T08,55710
2026-07-06T09,54358
2026-07-06T10,54082
2026-07-06T11,54771
2026-07-06T12,55760
2026-07-06T13,57279
2026-07-06T14,60532
2026-07-06T15,64555
2026-07-06T16,69172
2026-07-06T17,73904
2026-07-06T18,78111
2026-07-06T19,81365
2026-07-06T20,82179
2026-07-06T21,82955
2026-07-06T22,83194
2026-07-06T23,82535
2026-07-07T00,81562
2026-07-07T01,79953
2026-07-07T02,76850
2026-07-07T03,74272
2026-07-07T04,70128
2026-07-07T05,65948
2026-07-07T06,62220
2026-07-07T07,59366
2026-07-07T08,57350
2026-07-07T09,56013
2026-07-07T10,55567
2026-07-07T11,56074
2026-07-07T12,56910
2026-07-07T13,57965
2026-07-07T14,61075
2026-07-07T15,65126
2026-07-07T16,69512
2026-07-07T17,73754
2026-07-07T18,77697
2026-07-07T19,81041
2026-07-07T20,82388
2026-07-07T21,82822
2026-07-07T22,82554
2026-07-07T23,81957
2026-07-08T00,81280
2026-07-08T01,79573
2026-07-08T02,76264
2026-07-08T03,73415
2026-07-08T04,69514
2026-07-08T05,65479
2026-07-08T06,62008
2026-07-08T07,59242
2026-07-08T08,57119
2026-07-08T09,55877
2026-07-08T10,55607
2026-07-08T11,56074
2026-07-08T12,56705
2026-07-08T13,57958
2026-07-08T14,61614
2026-07-08T15,65921
2026-07-08T16,70157
2026-07-08T17,74564
2026-07-08T18,78584
2026-07-08T19,81912
2026-07-08T20,82919
2026-07-08T21,82682
2026-07-08T22,82655
2026-07-08T23,82787
2026-07-09T00,82873
2026-07-09T01,81832
2026-07-09T02,79679
2026-07-09T03,77019
2026-07-09T04,73208
2026-07-09T05,69152
2026-07-09T06,65346
2026-07-09T07,62182
2026-07-09T08,59680
2026-07-09T09,58152
2026-07-09T10,57518
2026-07-09T11,57724
2026-07-09T12,58052
2026-07-09T13,59048
2026-07-09T14,62481
2026-07-09T15,66284
2026-07-09T16,70663
2026-07-09T17,74741
2026-07-09T18,78653
2026-07-09T19,81760
2026-07-09T20,82689
2026-07-09T21,82834
2026-07-09T22,82995
2026-07-09T23,82636
2026-07-10T00,82576
2026-07-10T01,81405
2026-07-10T02,78997
2026-07-10T03,76729
2026-07-10T04,72686
2026-07-10T05,68135
2026-07-10T06,64137
2026-07-10T07,61092
2026-07-10T08,58933
2026-07-10T09,57503
2026-07-10T10,56890
2026-07-10T11,56934
2026-07-10T12,57286
2026-07-10T13,58367
2026-07-10T14,61628
2026-07-10T15,65271
2026-07-10T16,69106
2026-07-10T17,72466
2026-07-10T18,75177
2026-07-10T19,78014
2026-07-10T20,80467
2026-07-10T21,81787
2026-07-10T22,82406
2026-07-10T23,82329
2026-07-11T00,80795
2026-07-11T01,78579
2026-07-11T02,75670
2026-07-11T03,73594
2026-07-11T04,70046
2026-07-11T05,66575
2026-07-11T06,63186
2026-07-11T07,60587
2026-07-11T08,58354
2026-07-11T09,56805
2026-07-11T10,55902
2026-07-11T11,55627
2026-07-11T12,55162
2026-07-11T13,55838
2026-07-11T14,59319
2026-07-11T15,63063
2026-07-11T16,66220
2026-07-11T17,69095
2026-07-11T18,71858
2026-07-11T19,73803
2026-07-11T20,74794
2026-07-11T21,75733
2026-07-11T22,76369
2026-07-11T23,76474
2026-07-12T00,75629
2026-07-12T01,73855
2026-07-12T02,71511
2026-07-12T03,69786
2026-07-12T04,66849
2026-07-12T05,63981
2026-07-12T06,60723
2026-07-12T07,58359
2026-07-12T08,56531
2026-07-12T09,55286
2026-07-12T10,54465
2026-07-12T11,54142
2026-07-12T12,53871
2026-07-12T13,54043
2026-07-12T14,56597
2026-07-12T15,60222
2026-07-12T16,64141
2026-07-12T17,68383
2026-07-12T18,72321
2026-07-12T19,75388
2026-07-12T20,77362
2026-07-12T21,78186
2026-07-12T22,78202
2026-07-12T23,77529
2026-07-13T00,75435
2026-07-13T01,72870
2026-07-13T02,70647
2026-07-13T03,69104
2026-07-13T04,66138
2026-07-13T05,62544
2026-07-13T06,59549
2026-07-13T07,57354
2026-07-13T08,55874
2026-07-13T09,54912
2026-07-13T10,54909
2026-07-13T11,55720
2026-07-13T12,56748
2026-07-13T13,57488
2026-07-13T14,59513
2026-07-13T15,62029
2026-07-13T16,64427
2026-07-13T17,66383
2026-07-13T18,68048
2026-07-13T19,69782
2026-07-13T20,71374
2026-07-13T21,72564
2026-07-13T22,73313
2026-07-13T23,73081
2026-07-14T00,71973
2026-07-14T01,69836
2026-07-14T02,68308
2026-07-14T03,66847
2026-07-14T04,64174
2026-07-14T05,60958
2026-07-14T06,57859
2026-07-14T07,55720
2026-07-14T08,54251
2026-07-14T09,53402
2026-07-14T10,53358
2026-07-14T11,54166
2026-07-14T12,55309
2026-07-14T13,56031
2026-07-14T14,57368
2026-07-14T15,58993
2026-07-14T16,61105
2026-07-14T17,63137
2026-07-14T18,65026
2026-07-14T19,66653
2026-07-14T20,68006
2026-07-14T21,68720
2026-07-14T22,69001
2026-07-14T23,68755
2026-07-15T00,67979
2026-07-15T01,66454
2026-07-15T02,65279
2026-07-15T03,64126
2026-07-15T04,61621
2026-07-15T05,58565
2026-07-15T06,55763
2026-07-15T07,53837
2026-07-15T08,52363
2026-07-15T09,51673
2026-07-15T10,51707
2026-07-15T11,52860
2026-07-15T12,53720
2026-07-15T13,54466
2026-07-15T14,56116
2026-07-15T15,58127
2026-07-15T16,60412
2026-07-15T17,62456
2026-07-15T18,63999
2026-07-15T19,65505
2026-07-15T20,65637
2026-07-15T21,64949
2026-07-15T22,65216
2026-07-15T23,65961
2026-07-16T00,66075
2026-07-16T01,65113
2026-07-16T02,64066
2026-07-16T03,63548
2026-07-16T04,61050
2026-07-16T05,58051
2026-07-16T06,55764
2026-07-16T07,54008
2026-07-16T08,52823
2026-07-16T09,52073
2026-07-16T10,52096
2026-07-16T11,52894
2026-07-16T12,54408
2026-07-16T13,55271
2026-07-16T14,57038
2026-07-16T15,59558
2026-07-16T16,62918
2026-07-16T17,66398
2026-07-16T18,69542
2026-07-16T19,72468
2026-07-16T20,74457
2026-07-16T21,74899
2026-07-16T22,74039
2026-07-16T23,73167
2026-07-17T00,71615
2026-07-17T01,69251
2026-07-17T02,67767
2026-07-17T03,66352
2026-07-17T04,63457
2026-07-17T05,60422
2026-07-17T06,57845
2026-07-17T07,55833
2026-07-17T08,54377
2026-07-17T09,53641
2026-07-17T10,53824
2026-07-17T11,54638
2026-07-17T12,55733
2026-07-17T13,56771
2026-07-17T14,58981
2026-07-17T15,62169
2026-07-17T16,65520
2026-07-17T17,69059
2026-07-17T18,72620
2026-07-17T19,75723
2026-07-17T20,78095
2026-07-17T21,79578
2026-07-17T22,80646
2026-07-17T23,80714
2026-07-18T00,79251
2026-07-18T01,76366
2026-07-18T02,73276
2026-07-18T03,71140
2026-07-18T04,67779
2026-07-18T05,64441
2026-07-18T06,61443
2026-07-18T07,58975
2026-07-18T08,57104
2026-07-18T09,55646
2026-07-18T10,54765
2026-07-18T11,54531
2026-07-18T12,54339
2026-07-18T13,54631
2026-07-18T14,57852
2026-07-18T15,62152
2026-07-18T16,66352
2026-07-18T17,70248
2026-07-18T18,73666
2026-07-18T19,76598
2026-07-18T20,79029
2026-07-18T21,80698
2026-07-18T22,81351
2026-07-18T23,81505
2026-07-19T00,80538
2026-07-19T01,77831
2026-07-19T02,74686
2026-07-19T03,72334
2026-07-19T04,69058
2026-07-19T05,65509
2026-07-19T06,62159
2026-07-19T07,59435
2026-07-19T08,57444
2026-07-19T09,55915
2026-07-19T10,54936
2026-07-19T11,54347
2026-07-19T12,53771
2026-07-19T13,53968
2026-07-19T14,56872
2026-07-19T15,60942
2026-07-19T16,65282
2026-07-19T17,69813
2026-07-19T18,73887
2026-07-19T19,77486
2026-07-19T20,80320
2026-07-19T21,81992
2026-07-19T22,82632
2026-07-19T23,82638
2026-07-20T00,81618
2026-07-20T01,79639
2026-07-20T02,76574
2026-07-20T03,74798
2026-07-20T04,71176
2026-07-20T05,66957
2026-07-20T06,63027
2026-07-20T07,59962
2026-07-20T08,58085
2026-07-20T09,56787
2026-07-20T10,56165
2026-07-20T11,56460
2026-07-20T12,57244
2026-07-20T13,58175
2026-07-20T14,60966
2026-07-20T15,64657
2026-07-20T16,68957
2026-07-20T17,73700
2026-07-20T18,78097
2026-07-20T19,81703
2026-07-20T20,83316
2026-07-20T21,84192
2026-07-20T22,85213
2026-07-20T23,85266
2026-07-21T00,84916
2026-07-21T01,83891
2026-07-21T02,80446
2026-07-21T03,77975
2026-07-21T04,74028
2026-07-21T05,69247
2026-07-21T06,65113
2026-07-21T07,61771
2026-07-21T08,59248
2026-07-21T09,57423
2026-07-21T10,56566
2026-07-21T11,56874
2026-07-21T12,57896
2026-07-21T13,58710
2026-07-21T14,61160
2026-07-21T15,64990
2026-07-21T16,69735
2026-07-21T17,74883
2026-07-21T18,79865
2026-07-21T19,84007
2026-07-21T20,85329
2026-07-21T21,86148
2026-07-21T22,87038
2026-07-21T23,87397
2026-07-22T00,86941
2026-07-22T01,84951
2026-07-22T02,81485
2026-07-22T03,78977
2026-07-22T04,74779
2026-07-22T05,70842
2026-07-22T06,67441
2026-07-22T07,64122
2026-07-22T08,61661
2026-07-22T09,59940
2026-07-22T10,59202
2026-07-22T11,59300
2026-07-22T12,60037
2026-07-22T13,60671
2026-07-22T14,64303
2026-07-22T15,69105
2026-07-22T16,74926
2026-07-22T17,80689
2026-07-22T18,85451
2026-07-22T19,87515
2026-07-22T20,89330
2026-07-22T21,90402
2026-07-22T22,90966
2026-07-22T23,91075
2026-07-23T00,90427
2026-07-23T01,88133
2026-07-23T02,84899
2026-07-23T03,81593
2026-07-23T04,77117
2026-07-23T05,73485
2026-07-23T06,70022
2026-07-23T07,66775
2026-07-23T08,64026
2026-07-23T09,62008
2026-07-23T10,60839
2026-07-23T11,60698
2026-07-23T12,60798
2026-07-23T13,61134
2026-07-23T14,64324
2026-07-23T15,67616
2026-07-23T16,71248
2026-07-23T17,74800
2026-07-23T18,77971
2026-07-23T19,81267
2026-07-23T20,83196
2026-07-23T21,84074
2026-07-23T22,84319
2026-07-23T23,83338
2026-07-24T00,81508
2026-07-24T01,79246
2026-07-24T02,77027
2026-07-24T03,75059
2026-07-24T04,71884
2026-07-24T05,68252
2026-07-24T06,64900
2026-07-24T07,62230
2026-07-24T08,60230
2026-07-24T09,58722
2026-07-24T10,58285
2026-07-24T11,58784
2026-07-24T12,59424
2026-07-24T13,60339
2026-07-24T14,62831
2026-07-24T15,65664
2026-07-24T16,68780
2026-07-24T17,72420
2026-07-24T18,75537
2026-07-24T19,78618
2026-07-24T20,81128
2026-07-24T21,83113
2026-07-24T22,84052
2026-07-24T23,84099
2026-07-25T00,82887
2026-07-25T01,80569
2026-07-25T02,77640
2026-07-25T03,75336
2026-07-25T04,72013
2026-07-25T05,68460
2026-07-25T06,65100
2026-07-25T07,62248
2026-07-25T08,60079
2026-07-25T09,58481
2026-07-25T10,57420
2026-07-25T11,56888
2026-07-25T12,56452
2026-07-25T13,56601
2026-07-25T14,59546
2026-07-25T15,63567
2026-07-25T16,67471
2026-07-25T17,71524
2026-07-25T18,74959
2026-07-25T19,78173
2026-07-25T20,80960
2026-07-25T21,83191
2026-07-25T22,84389
2026-07-25T23,84596
2026-07-26T00,83433
2026-07-26T01,80843
2026-07-26T02,77591
2026-07-26T03,75033
2026-07-26T04,71495
2026-07-26T05,67639
2026-07-26T06,64160
2026-07-26T07,61167
2026-07-26T08,58788
2026-07-26T09,57010
2026-07-26T10,55888
2026-07-26T11,55062
2026-07-26T12,54376
2026-07-26T13,54651
2026-07-26T14,58192
2026-07-26T15,62515
2026-07-26T16,66896
2026-07-26T17,71464
2026-07-26T18,75564
2026-07-26T19,79169
2026-07-26T20,82041
2026-07-26T21,84046
2026-07-26T22,85536
2026-07-26T23,86238
2026-07-27T00,85434
2026-07-27T01,82930
2026-07-27T02,79607
2026-07-27T03,77043
2026-07-27T04,72999
2026-07-27T05,68720
2026-07-27T06,64825
2026-07-27T07,61714
2026-07-27T08,59340
2026-07-27T09,57860
2026-07-27T10,57505
2026-07-27T11,58078
2026-07-27T12,58648
2026-07-27T13,59567
2026-07-27T14,62590
2026-07-27T15,66572
2026-07-27T16,70918
2026-07-27T17,75451
2026-07-27T18,79556
2026-07-27T19,83463
2026-07-27T20,86364
2026-07-27T21,88472
2026-07-27T22,89363
2026-07-27T23,89619
2026-07-28T00,88525
2026-07-28T01,85954
2026-07-28T02,82132
2026-07-28T03,79237
2026-07-28T04,74698
2026-07-28T05,70166
2026-07-28T06,66101
2026-07-28T07,62931
2026-07-28T08,60428
2026-07-28T09,58813
2026-07-28T10,58216
2026-07-28T11,58559
2026-07-28T12,59296
2026-07-28T13,59777
2026-07-28T14,62665
2026-07-28T15,66476
2026-07-28T16,70754
2026-07-28T17,75255
2026-07-28T18,79792
2026-07-28T19,83811
2026-07-28T20,86676
2026-07-28T21,88640
2026-07-28T22,89634
2026-07-28T23,89354
2026-07-29T00,88075
2026-07-29T01,85422
2026-07-29T02,82352
2026-07-29T03,79612
2026-07-29T04,75275
2026-07-29T05,70660
2026-07-29T06,66800
2026-07-29T07,63570
2026-07-29T08,61201
2026-07-29T09,59645
2026-07-29T10,59126
2026-07-29T11,59512
2026-07-29T12,60185
2026-07-29T13,60762
2026-07-29T14,63553
2026-07-29T15,67277
2026-07-29T16,71797
2026-07-29T17,76151
2026-07-29T18,80275
2026-07-29T19,84020
2026-07-29T20,86542
2026-07-29T21,87962
2026-07-29T22,88877
2026-07-29T23,88837
2026-07-30T00,87537
2026-07-30T01,85039
2026-07-30T02,81979
2026-07-30T03,79389
2026-07-30T04,75167
2026-07-30T05,70969
2026-07-30T06,66901
2026-07-30T07,63879
2026-07-30T08,61587
2026-07-30T09,60221
2026-07-30T10,59566
2026-07-30T11,59760
2026-07-30T12,60483
2026-07-30T13,61010
2026-07-30T14,63536
2026-07-30T15,67292
2026-07-30T16,71966
2026-07-30T17,76638
2026-07-30T18,81121
2026-07-30T19,84868
2026-07-30T20,87760
2026-07-30T21,89568
2026-07-30T22,90106
2026-07-30T23,89998
2026-07-31T00,88762
2026-07-31T01,86140
2026-07-31T02,82857
2026-07-31T03,80079
2026-07-31T04,76054
2026-07-31T05,72096
2026-07-31T06,68114
2026-07-31T07,65011
2026-07-31T08,62445
2026-07-31T09,60847
2026-07-31T10,59879
2026-07-31T11,59908
2026-07-31T12,60319
2026-07-31T13,60727
2026-07-31T14,63495
2026-07-31T15,67867
2026-07-31T16,72133
2026-07-31T17,76580
2026-07-31T18,80978
2026-07-31T19,84639
2026-07-31T20,87699
2026-07-31T21,89576
2026-07-31T22,89790
2026-07-31T23,89512
2026-08-01T00,88432
2026-08-01T01,85812
2026-08-01T02,82343
2026-08-01T03,79546
2026-08-01T04,75555
2026-08-01T05,71603
2026-08-01T06,68120
2026-08-01T07,65021
2026-08-01T08,62310
2026-08-01T09,60431
2026-08-01T10,59363
2026-08-01T11,58760
2026-08-01T12,58487
2026-08-01T13,58426
2026-08-01T14,61032
2026-08-01T15,64893
2026-08-01T16,68729
2026-08-01T17,72840
2026-08-01T18,76249
2026-08-01T19,78905
2026-08-01T20,80936
2026-08-01T21,82461
2026-08-01T22,82665
2026-08-01T23,82081
2026-08-02T00,80672
2026-08-02T01,78258
2026-08-02T02,75798
2026-08-02T03,73507
2026-08-02T04,70255
2026-08-02T05,66762
2026-08-02T06,63593
2026-08-02T07,60632
2026-08-02T08,58366
2026-08-02T09,56607
2026-08-02T10,55364
2026-08-02T11,54447
2026-08-02T12,54065
2026-08-02T13,53900
2026-08-02T14,57090
2026-08-02T15,60990
2026-08-02T16,65236
2026-08-02T17,69836
2026-08-02T18,73997
2026-08-02T19,77620
2026-08-02T20,80481
2026-08-02T21,82175
2026-08-02T22,83597
2026-08-02T23,84287
2026-08-03T00,82996
2026-08-03T01,80784
2026-08-03T02,77913
2026-08-03T03,74752
2026-08-03T04,70477
2026-08-03T05,66253
2026-08-03T06,62505
2026-08-03T07,59419
2026-08-03T08,57088
2026-08-03T09,55592
2026-08-03T10,54956
2026-08-03T11,55525
2026-08-03T12,56382
2026-08-03T13,57017
2026-08-03T14,60329
2026-08-03T15,64795
2026-08-03T16,69856
2026-08-03T17,75142
2026-08-03T18,79840
2026-08-03T19,83250
2026-08-03T20,85625
2026-08-03T21,86366
2026-08-03T22,86875
2026-08-03T23,86741
2026-08-04T00,86202
2026-08-04T01,84679
2026-08-04T02,81768
2026-08-04T03,78662
2026-08-04T04,74252
2026-08-04T05,69572
2026-08-04T06,65826
2026-08-04T07,62533
2026-08-04T08,60016
2026-08-04T09,58591
2026-08-04T10,58054
2026-08-04T11,58333
2026-08-04T12,59314
2026-08-04T13,59818
2026-08-04T14,62403
2026-08-04T15,66168
2026-08-04T16,70720
2026-08-04T17,75736
2026-08-04T18,80283
2026-08-04T19,84059
2026-08-04T20,86317
2026-08-04T21,86637
2026-08-04T22,87011
2026-08-04T23,86554
2026-08-05T00,86047
2026-08-05T01,83916
2026-08-05T02,81314
2026-08-05T03,78363
2026-08-05T04,74276
2026-08-05T05,70212
2026-08-05T06,66764
2026-08-05T07,63662
2026-08-05T08,61309
2026-08-05T09,59831
2026-08-05T10,59404
2026-08-05T11,60008
2026-08-05T12,60899
2026-08-05T13,61133
2026-08-05T14,63625
2026-08-05T15,67271
2026-08-05T16,71467
2026-08-05T17,76138
2026-08-05T18,80455
2026-08-05T19,83985
2026-08-05T20,86313
2026-08-05T21,86548
2026-08-05T22,86780
2026-08-05T23,86455
2026-08-06T00,86213
2026-08-06T01,84646
2026-08-06T02,81765
2026-08-06T03,78780
2026-08-06T04,74489
2026-08-06T05,70323
2026-08-06T06,66692
2026-08-06T07,63729
2026-08-06T08,61457
2026-08-06T09,59973
2026-08-06T10,59661
2026-08-06T11,60136
2026-08-06T12,60978
2026-08-06T13,61459
2026-08-06T14,63892
2026-08-06T15,67825
2026-08-06T16,72124
2026-08-06T17,76370
2026-08-06T18,80354
2026-08-06T19,83642
2026-08-06T20,85441
2026-08-06T21,85735
2026-08-06T22,86020
2026-08-06T23,86070
2026-08-07T00,85042
2026-08-07T01,83057
2026-08-07T02,80623
2026-08-07T03,77886
2026-08-07T04,74075
2026-08-07T05,70271
2026-08-07T06,66911
2026-08-07T07,63960
2026-08-07T08,61642
2026-08-07T09,60032
2026-08-07T10,59352
2026-08-07T11,59922
2026-08-07T12,60653
2026-08-07T13,60947
2026-08-07T14,63605
2026-08-07T15,67746
2026-08-07T16,72185
2026-08-07T17,76673
2026-08-07T18,80621
2026-08-07T19,84367
2026-08-07T20,86406
2026-08-07T21,86354
2026-08-07T22,86495
2026-08-07T23,85900
2026-08-08T00,84295
2026-08-08T01,81202
2026-08-08T02,78623
2026-08-08T03,76180
2026-08-08T04,72723
2026-08-08T05,69120
2026-08-08T06,65630
2026-08-08T07,62659
2026-08-08T08,60254
2026-08-08T09,58498
2026-08-08T10,57518
2026-08-08T11,57044
2026-08-08T12,57075
2026-08-08T13,57429
2026-08-08T14,60296
2026-08-08T15,64934
2026-08-08T16,69497
2026-08-08T17,74059
2026-08-08T18,78043
2026-08-08T19,81282
2026-08-08T20,82986
2026-08-08T21,83611
2026-08-08T22,83847
2026-08-08T23,83236
2026-08-09T00,81502
2026-08-09T01,79399
2026-08-09T02,76844
2026-08-09T03,74111
2026-08-09T04,70672
2026-08-09T05,66997
2026-08-09T06,63673
2026-08-09T07,60879
2026-08-09T08,58710
2026-08-09T09,56951
2026-08-09T10,55809
2026-08-09T11,55188
2026-08-09T12,54923
2026-08-09T13,54914
2026-08-09T14,58347
2026-08-09T15,63007
2026-08-09T16,67696
2026-08-09T17,72456
2026-08-09T18,76816
2026-08-09T19,80307
2026-08-09T20,82680
2026-08-09T21,83705
2026-08-09T22,84710
2026-08-09T23,84729
2026-08-10T00,83766
2026-08-10T01,81188
2026-08-10T02,78718
2026-08-10T03,76086
2026-08-10T04,72164
2026-08-10T05,68120
2026-08-10T06,64480
2026-08-10T07,61792
2026-08-10T08,59706
2026-08-10T09,58463
2026-08-10T10,58095
2026-08-10T11,58712
2026-08-10T12,59828
2026-08-10T13,60484
2026-08-10T14,63455
2026-08-10T15,67634
2026-08-10T16,71212
2026-08-10T17,74877
2026-08-10T18,78232
2026-08-10T19,80980
2026-08-10T20,82271
2026-08-10T21,82909
2026-08-10T22,83116
2026-08-10T23,82714
2026-08-11T00,81561
2026-08-11T01,79456
2026-08-11T02,77451
2026-08-11T03,75179
2026-08-11T04,71399
2026-08-11T05,67312
2026-08-11T06,63860
2026-08-11T07,61062
2026-08-11T08,58916
2026-08-11T09,57646
2026-08-11T10,57283
2026-08-11T11,58064
2026-08-11T12,59532
2026-08-11T13,60175
2026-08-11T14,62854
2026-08-11T15,67060
2026-08-11T16,71277
2026-08-11T17,75616
2026-08-11T18,79891
2026-08-11T19,83520
2026-08-11T20,86181
2026-08-11T21,86825
2026-08-11T22,86894
2026-08-11T23,86894
2026-08-12T00,86482
2026-08-12T01,84968
2026-08-12T02,82587
2026-08-12T03,79462
2026-08-12T04,75141
2026-08-12T05,70847
2026-08-12T06,67318
2026-08-12T07,64582
2026-08-12T08,62469
2026-08-12T09,60980
2026-08-12T10,60460
2026-08-12T11,61033
2026-08-12T12,62212
2026-08-12T13,62457
2026-08-12T14,64985
2026-08-12T15,68885
2026-08-12T16,73250
2026-08-12T17,77760
2026-08-12T18,81900
2026-08-12T19,85535
2026-08-12T20,87061
2026-08-12T21,87498
2026-08-12T22,87991
2026-08-12T23,88138
2026-08-13T00,87751
2026-08-13T01,86450
2026-08-13T02,84279
2026-08-13T03,81502
2026-08-13T04,77068
2026-08-13T05,72861
2026-08-13T06,69170
2026-08-13T07,66294
2026-08-13T08,64090
2026-08-13T09,62628
2026-08-13T10,61775
2026-08-13T11,62173
2026-08-13T12,63225
2026-08-13T13,63274
2026-08-13T14,65713
2026-08-13T15,69042
2026-08-13T16,73251
2026-08-13T17,77493
2026-08-13T18,81462
2026-08-13T19,84898
2026-08-13T20,87354
2026-08-13T21,87766
2026-08-13T22,88145
2026-08-13T23,88005
2026-08-14T00,87487
2026-08-14T01,86043
2026-08-14T02,83583
2026-08-14T03,80652
2026-08-14T04,76603
2026-08-14T05,72218
2026-08-14T06,68817
2026-08-14T07,66043
2026-08-14T08,63861
2026-08-14T09,62199
2026-08-14T10,61445
2026-08-14T11,61816
2026-08-14T12,62807
2026-08-14T13,62979
2026-08-14T14,65532
2026-08-14T15,69364
2026-08-14T16,73243
2026-08-14T17,77140
2026-08-14T18,80583
2026-08-14T19,83980
2026-08-14T20,86142
2026-08-14T21,87559
2026-08-14T22,87647
2026-08-14T23,87186
2026-08-15T00,85593
2026-08-15T01,82949
2026-08-15T02,80320
2026-08-15T03,78146
2026-08-15T04,74829
2026-08-15T05,71346
2026-08-15T06,67938
2026-08-15T07,65064
2026-08-15T08,63069
2026-08-15T09,61506
2026-08-15T10,60478
2026-08-15T11,59979
2026-08-15T12,59702
2026-08-15T13,59663
2026-08-15T14,62838
2026-08-15T15,67369
2026-08-15T16,72024
2026-08-15T17,76665
2026-08-15T18,80745
2026-08-15T19,83922
2026-08-15T20,86454
2026-08-15T21,87522
2026-08-15T22,87779
2026-08-15T23,87616
2026-08-16T00,86744
2026-08-16T01,84456
2026-08-16T02,81342
2026-08-16T03,78253
2026-08-16T04,74799
2026-08-16T05,70935
2026-08-16T06,67291
2026-08-16T07,64303
2026-08-16T08,61685
2026-08-16T09,59906
2026-08-16T10,58494
2026-08-16T11,57428
2026-08-16T12,56678
2026-08-16T13,56293
2026-08-16T14,59012
2026-08-16T15,63363
2026-08-16T16,67896
2026-08-16T17,72609
2026-08-16T18,77179
2026-08-16T19,81174
2026-08-16T20,84233
2026-08-16T21,86300
2026-08-16T22,87514
2026-08-16T23,88024
2026-08-17T00,87161
2026-08-17T01,84866
2026-08-17T02,81030
2026-08-17T03,77654
2026-08-17T04,73493
2026-08-17T05,68831
2026-08-17T06,64911
2026-08-17T07,61645
2026-08-17T08,59152
2026-08-17T09,57900
2026-08-17T10,57290
2026-08-17T11,57990
2026-08-17T12,59388
2026-08-17T13,59484
2026-08-17T14,62122
2026-08-17T15,66380
2026-08-17T16,71112
2026-08-17T17,76106
2026-08-17T18,81201
2026-08-17T19,85422
2026-08-17T20,87744
2026-08-17T21,88295
2026-08-17T22,89144
2026-08-17T23,88993
2026-08-18T00,88409
2026-08-18T01,85723
2026-08-18T02,82245
2026-08-18T03,79000
2026-08-18T04,75763
2026-08-18T05,71502
2026-08-18T06,67751
2026-08-18T07,64732
2026-08-18T08,62156
2026-08-18T09,60463
2026-08-18T10,59723
2026-08-18T11,60015
2026-08-18T12,61162
2026-08-18T13,61264
2026-08-18T14,63828
2026-08-18T15,67964
2026-08-18T16,72703
2026-08-18T17,77692
2026-08-18T18,82262
2026-08-18T19,86051
2026-08-18T20,88581
2026-08-18T21,88956
2026-08-18T22,89456
2026-08-18T23,89575
2026-08-19T00,89037
2026-08-19T01,87415
2026-08-19T02,84422
2026-08-19T03,81502
2026-08-19T04,77138
2026-08-19T05,72542
2026-08-19T06,68797
2026-08-19T07,65677
2026-08-19T08,63383
2026-08-19T09,61935
2026-08-19T10,61244
2026-08-19T11,61582
2026-08-19T12,62391
2026-08-19T13,62255
2026-08-19T14,64803
2026-08-19T15,68575
2026-08-19T16,72832
2026-08-19T17,77507
2026-08-19T18,81963
2026-08-19T19,86088
2026-08-19T20,88539
2026-08-19T21,89300
2026-08-19T22,89734
2026-08-19T23,89603
2026-08-20T00,89053
2026-08-20T01,87228
2026-08-20T02,84807
2026-08-20T03,81388
2026-08-20T04,76745
2026-08-20T05,72064
2026-08-20T06,68095
2026-08-20T07,64946
2026-08-20T08,62752
2026-08-20T09,61167
2026-08-20T10,60544
2026-08-20T11,60947
2026-08-20T12,62159
2026-08-20T13,62198
2026-08-20T14,64428
2026-08-20T15,68780
2026-08-20T16,73679
2026-08-20T17,78790
2026-08-20T18,83481
2026-08-20T19,87856
2026-08-20T20,89568
2026-08-20T21,90005
2026-08-20T22,90319
2026-08-20T23,90339
2026-08-21T00,89867
2026-08-21T01,88492
2026-08-21T02,86120
2026-08-21T03,82727
2026-08-21T04,78385
2026-08-21T05,73692
2026-08-21T06,69595
2026-08-21T07,66303
2026-08-21T08,63888
2026-08-21T09,62420
2026-08-21T10,61830
2026-08-21T11,62350
2026-08-21T12,63455
2026-08-21T13,63453
2026-08-21T14,65764
2026-08-21T15,69841
2026-08-21T16,74826
2026-08-21T17,79712
2026-08-21T18,84243
2026-08-21T19,87338
2026-08-21T20,89177
2026-08-21T21,89431
2026-08-21T22,89652
2026-08-21T23,89399
2026-08-22T00,88547
2026-08-22T01,86495
2026-08-22T02,83949
2026-08-22T03,80577
2026-08-22T04,76489
2026-08-22T05,72539
2026-08-22T06,68821
2026-08-22T07,65727
2026-08-22T08,63140
2026-08-22T09,61207
2026-08-22T10,59620
2026-08-22T11,59244
2026-08-22T12,58853
2026-08-22T13,58571
2026-08-22T14,61267
2026-08-22T15,65898
2026-08-22T16,71570
2026-08-22T17,77365
2026-08-22T18,82626
2026-08-22T19,86492
2026-08-22T20,88852
2026-08-22T21,89606
2026-08-22T22,89887
2026-08-22T23,89740
2026-08-23T00,89019
2026-08-23T01,86794
2026-08-23T02,84197
2026-08-23T03,80628
2026-08-23T04,76267
2026-08-23T05,70900
2026-08-23T06,67756
2026-08-23T07,65087
2026-08-23T08,62776
2026-08-23T09,60808
2026-08-23T10,59275
2026-08-23T11,58265
2026-08-23T12,57649
2026-08-23T13,57364
2026-08-23T14,59556
2026-08-23T15,63498
2026-08-23T16,68287
2026-08-23T17,74113
2026-08-23T18,79750
2026-08-23T19,84711
2026-08-23T20,88348
2026-08-23T21,89789
2026-08-23T22,90150
2026-08-23T23,90411
2026-08-24T00,89581
2026-08-24T01,87453
2026-08-24T02,84072
2026-08-24T03,80295
2026-08-24T04,77535
2026-08-24T05,73285
2026-08-24T06,69281
2026-08-24T07,66038
2026-08-24T08,63496
2026-08-24T09,61799
2026-08-24T10,61042
2026-08-24T11,61495
2026-08-24T12,62647
2026-08-24T13,62839
2026-08-24T14,64765
2026-08-24T15,68725
2026-08-24T16,73427
2026-08-24T17,78590
2026-08-24T18,83619
2026-08-24T19,87903
2026-08-24T20,89753
2026-08-24T21,90240
2026-08-24T22,90614
2026-08-24T23,90741
2026-08-25T00,90136
2026-08-25T01,88109
2026-08-25T02,85190
2026-08-25T03,82758
2026-08-25T04,78083
2026-08-25T05,73490
2026-08-25T06,69601
2026-08-25T07,66419
2026-08-25T08,63746
2026-08-25T09,61916
2026-08-25T10,61131
2026-08-25T11,61553
2026-08-25T12,62722
2026-08-25T13,62561
2026-08-25T14,63853
2026-08-25T15,66847
2026-08-25T16,70503
2026-08-25T17,74591
2026-08-25T18,79456
2026-08-25T19,83574
2026-08-25T20,86889
2026-08-25T21,88687
2026-08-25T22,89631
2026-08-25T23,89732
2026-08-26T00,88215
2026-08-26T01,85575
2026-08-26T02,83376
2026-08-26T03,80260
2026-08-26T04,75968
2026-08-26T05,71672
2026-08-26T06,68113
2026-08-26T07,65124
2026-08-26T08,62845
2026-08-26T09,61422
2026-08-26T10,61034
2026-08-26T11,61943
2026-08-26T12,63228
2026-08-26T13,62363
2026-08-26T14,64161
2026-08-26T15,67985
2026-08-26T16,72533
2026-08-26T17,77168
2026-08-26T18,81109
2026-08-26T19,84200
2026-08-26T20,86246
2026-08-26T21,88240
2026-08-26T22,90243
2026-08-26T23,89805
2026-08-27T00,87407
2026-08-27T01,83945
2026-08-27T02,81204
2026-08-27T03,77533
2026-08-27T04,72961
2026-08-27T05,69516
2026-08-27T06,67044
2026-08-27T07,64714
2026-08-27T08,62760
2026-08-27T09,61287
2026-08-27T10,60638
2026-08-27T11,61442
2026-08-27T12,62747
2026-08-27T13,62545
2026-08-27T14,63883
2026-08-27T15,67319
2026-08-27T16,71496
2026-08-27T17,76496
2026-08-27T18,81636
2026-08-27T19,86160
2026-08-27T20,89394
2026-08-27T21,90114
2026-08-27T22,90116
2026-08-27T23,89282
2026-08-28T00,87380
2026-08-28T01,83345
2026-08-28T02,80787
2026-08-28T03,77554
2026-08-28T04,73341
2026-08-28T05,68964
2026-08-28T06,65835
2026-08-28T07,63006
2026-08-28T08,60878
2026-08-28T09,59492
2026-08-28T10,59163
2026-08-28T11,59688
2026-08-28T12,60946
2026-08-28T13,60983
2026-08-28T14,63023
2026-08-28T15,67394
2026-08-28T16,72622
2026-08-28T17,77786
2026-08-28T18,82209
2026-08-28T19,86050
2026-08-28T20,88233
2026-08-28T21,88768
2026-08-28T22,87721
2026-08-28T23,85912
2026-08-29T00,83018
2026-08-29T01,79843
2026-08-29T02,77000
2026-08-29T03,73001
2026-08-29T04,69470
2026-08-29T05,66259
2026-08-29T06,63062
2026-08-29T07,60310
2026-08-29T08,58156
2026-08-29T09,56342
2026-08-29T10,55474
2026-08-29T11,55047
2026-08-29T12,55153
2026-08-29T13,55424
2026-08-29T14,58358
2026-08-29T15,63108
2026-08-29T16,68371
2026-08-29T17,73721
2026-08-29T18,78437
2026-08-29T19,82115
2026-08-29T20,84911
2026-08-29T21,86833
2026-08-29T22,87907
2026-08-29T23,87971
2026-08-30T00,86373
2026-08-30T01,83032
2026-08-30T02,80079
2026-08-30T03,76855
2026-08-30T04,73312
2026-08-30T05,69745
2026-08-30T06,66201
2026-08-30T07,63066
2026-08-30T08,60683
2026-08-30T09,58735
2026-08-30T10,57414
2026-08-30T11,56571
2026-08-30T12,56056
2026-08-30T13,55942
2026-08-30T14,58918
2026-08-30T15,63880
2026-08-30T16,68940
2026-08-30T17,73911
2026-08-30T18,78563
2026-08-30T19,82275
2026-08-30T20,85232
2026-08-30T21,87202
2026-08-30T22,88582
2026-08-30T23,88768
2026-08-31T00,87159
2026-08-31T01,83575
2026-08-31T02,80395
2026-08-31T03,77847
2026-08-31T04,74069
2026-08-31T05,69824
2026-08-31T06,66098
2026-08-31T07,63103
2026-08-31T08,61000
2026-08-31T09,59724
2026-08-31T10,59408
2026-08-31T11,60003
2026-08-31T12,61268
2026-08-31T13,61265
2026-08-31T14,63407
2026-08-31T15,67562
2026-08-31T16,72258
2026-08-31T17,76971
2026-08-31T18,81265
2026-08-31T19,84613
2026-08-31T20,86653
2026-08-31T21,87794
2026-08-31T22,88535
2026-08-31T23,88264
2026-09-01T00,86595
2026-09-01T01,83786
2026-09-01T02,81074
2026-09-01T03,77748
2026-09-01T04,73498
2026-09-01T05,69271
2026-09-01T06,65599
2026-09-01T07,62704
2026-09-01T08,60793
2026-09-01T09,59544
2026-09-01T10,59009
2026-09-01T11,59726
2026-09-01T12,60957
2026-09-01T13,61114
2026-09-01T14,62985
2026-09-01T15,66785
2026-09-01T16,71184
2026-09-01T17,75296
2026-09-01T18,78641
2026-09-01T19,81511
2026-09-01T20,83218
2026-09-01T21,83778
2026-09-01T22,83908
2026-09-01T23,83501
2026-09-02T00,83164
2026-09-02T01,81563
2026-09-02T02,79229
2026-09-02T03,76450
2026-09-02T04,72771
2026-09-02T05,69007
2026-09-02T06,65737
2026-09-02T07,63208
2026-09-02T08,61148
2026-09-02T09,59714
2026-09-02T10,59363
2026-09-02T11,60165
2026-09-02T12,61692
2026-09-02T13,61913
2026-09-02T14,63541
2026-09-02T15,66805
2026-09-02T16,71184
2026-09-02T17,75859
2026-09-02T18,80358
2026-09-02T19,83756
2026-09-02T20,84976
2026-09-02T21,85865
2026-09-02T22,86343
2026-09-02T23,86098
2026-09-03T00,85453
2026-09-03T01,83132
2026-09-03T02,79779
2026-09-03T03,76966
2026-09-03T04,74536
2026-09-03T05,70506
2026-09-03T06,67002
2026-09-03T07,64245
2026-09-03T08,62074
2026-09-03T09,60926
2026-09-03T10,60609
2026-09-03T11,61492
2026-09-03T12,63039
2026-09-03T13,63163
2026-09-03T14,63981
2026-09-03T15,66319
2026-09-03T16,69644
2026-09-03T17,73268
2026-09-03T18,76385
2026-09-03T19,78296
2026-09-03T20,79875
2026-09-03T21,81085
2026-09-03T22,81784
2026-09-03T23,81565
2026-09-04T00,80000
2026-09-04T01,78075
2026-09-04T02,76751
2026-09-04T03,74291
2026-09-04T04,70843
2026-09-04T05,67130
2026-09-04T06,64032
2026-09-04T07,61799
2026-09-04T08,59907
2026-09-04T09,59038
2026-09-04T10,58796
2026-09-04T11,59673
2026-09-04T12,61341
2026-09-04T13,61834
2026-09-04T14,63438
2026-09-04T15,66996
2026-09-04T16,70668
2026-09-04T17,73690
2026-09-04T18,76613
2026-09-04T19,79403
2026-09-04T20,81933
2026-09-04T21,84037
2026-09-04T22,85079
2026-09-04T23,84750
2026-09-05T00,83031
2026-09-05T01,80000
2026-09-05T02,77511
2026-09-05T03,74652
2026-09-05T04,71295
2026-09-05T05,67771
2026-09-05T06,64543
2026-09-05T07,61940
2026-09-05T08,59737
2026-09-05T09,58101
2026-09-05T10,57087
2026-09-05T11,56514
2026-09-05T12,56444
2026-09-05T13,56514
2026-09-05T14,59385
2026-09-05T15,63846
2026-09-05T16,68482
2026-09-05T17,73055
2026-09-05T18,76995
2026-09-05T19,80061
2026-09-05T20,82391
2026-09-05T21,84104
2026-09-05T22,84535
2026-09-05T23,83663
2026-09-06T00,81976
2026-09-06T01,79589
2026-09-06T02,77093
2026-09-06T03,73931
2026-09-06T04,70623
2026-09-06T05,67404
2026-09-06T06,64271
2026-09-06T07,61577
2026-09-06T08,59632
2026-09-06T09,58203
2026-09-06T10,56756
2026-09-06T11,56095
2026-09-06T12,55799
2026-09-06T13,55415
2026-09-06T14,58468
2026-09-06T15,63083
2026-09-06T16,67805
2026-09-06T17,72055
2026-09-06T18,75321
2026-09-06T19,77352
2026-09-06T20,79422
2026-09-06T21,81194
2026-09-06T22,81923
2026-09-06T23,82270
2026-09-07T00,81129
2026-09-07T01,78442
2026-09-07T02,76309
2026-09-07T03,73604
2026-09-07T04,70074
2026-09-07T05,66626
2026-09-07T06,63489
2026-09-07T07,60931
2026-09-07T08,59000
2026-09-07T09,57637
2026-09-07T10,56808
2026-09-07T11,56589
2026-09-07T12,56429
2026-09-07T13,56059
2026-09-07T14,58720
2026-09-07T15,63851
2026-09-07T16,69430
2026-09-07T17,74750
2026-09-07T18,79518
2026-09-07T19,83079
2026-09-07T20,85416
2026-09-07T21,85927
2026-09-07T22,86393
2026-09-07T23,86405
2026-09-08T00,85686
2026-09-08T01,83943
2026-09-08T02,81665
2026-09-08T03,78329
2026-09-08T04,74532
2026-09-08T05,70371
2026-09-08T06,66641
2026-09-08T07,63555
2026-09-08T08,61337
2026-09-08T09,60022
2026-09-08T10,59629
2026-09-08T11,60348
2026-09-08T12,61848
2026-09-08T13,62021
2026-09-08T14,64187
2026-09-08T15,68675
2026-09-08T16,73396
2026-09-08T17,77982
2026-09-08T18,82208
2026-09-08T19,85531
2026-09-08T20,86276
2026-09-08T21,86283
2026-09-08T22,85879
2026-09-08T23,85720
2026-09-09T00,85263
2026-09-09T01,83668
2026-09-09T02,81869
2026-09-09T03,78241
2026-09-09T04,75053
2026-09-09T05,71073
2026-09-09T06,67346
2026-09-09T07,64588
2026-09-09T08,62522
2026-09-09T09,61233
2026-09-09T10,60732
2026-09-09T11,61344
2026-09-09T12,62766
2026-09-09T13,62866
2026-09-09T14,64519
2026-09-09T15,67959
2026-09-09T16,71747
2026-09-09T17,75486
2026-09-09T18,79538
2026-09-09T19,83326
2026-09-09T20,85358
2026-09-09T21,85702
2026-09-09T22,85929
2026-09-09T23,85303
2026-09-10T00,83723
2026-09-10T01,81259
2026-09-10T02,79596
2026-09-10T03,76516
2026-09-10T04,72602
2026-09-10T05,68495
2026-09-10T06,65222
2026-09-10T07,62332
2026-09-10T08,60242
2026-09-10T09,58983
2026-09-10T10,58509
2026-09-10T11,59332
2026-09-10T12,60917
2026-09-10T13,60955
2026-09-10T14,62523
2026-09-10T15,66206
2026-09-10T16,70412
2026-09-10T17,74976
2026-09-10T18,78976
2026-09-10T19,82080
2026-09-10T20,83998
2026-09-10T21,84547
2026-09-10T22,83977
2026-09-10T23,82170
2026-09-11T00,79897
2026-09-11T01,77423
2026-09-11T02,75828
2026-09-11T03,73177
2026-09-11T04,69727
2026-09-11T05,65912
2026-09-11T06,62834
2026-09-11T07,60381
2026-09-11T08,58491
2026-09-11T09,57482
2026-09-11T10,57472
2026-09-11T11,58437
2026-09-11T12,60346
2026-09-11T13,60739
2026-09-11T14,62229
2026-09-11T15,65786
2026-09-11T16,70141
2026-09-11T17,74980
2026-09-11T18,79871
2026-09-11T19,83726
2026-09-11T20,85439
2026-09-11T21,85805
2026-09-11T22,85526
2026-09-11T23,84402
2026-09-12T00,81016
2026-09-12T01,77995
2026-09-12T02,75860
2026-09-12T03,73241
2026-09-12T04,70137
2026-09-12T05,67019
2026-09-12T06,63913
2026-09-12T07,61370
2026-09-12T08,59606
2026-09-12T09,58195
2026-09-12T10,57277
2026-09-12T11,57198
2026-09-12T12,57422
2026-09-12T13,57580
2026-09-12T14,60293
2026-09-12T15,64663
2026-09-12T16,69368
2026-09-12T17,74371
2026-09-12T18,79283
2026-09-12T19,83642
2026-09-12T20,85869
2026-09-12T21,86221
2026-09-12T22,86489
2026-09-12T23,85971
2026-09-13T00,85458
2026-09-13T01,83240
2026-09-13T02,80775
2026-09-13T03,77783
2026-09-13T04,74618
2026-09-13T05,71229
2026-09-13T06,67668
2026-09-13T07,64716
2026-09-13T08,62288
2026-09-13T09,60281
2026-09-13T10,58897
2026-09-13T11,58101
2026-09-13T12,57767
2026-09-13T13,57430
2026-09-13T14,59923
2026-09-13T15,64368
2026-09-13T16,68823
2026-09-13T17,72989
2026-09-13T18,76914
2026-09-13T19,80432
2026-09-13T20,83321
2026-09-13T21,85176
2026-09-13T22,86062
2026-09-13T23,85917
2026-09-14T00,84732
2026-09-14T01,82421
2026-09-14T02,80330
2026-09-14T03,77206
2026-09-14T04,73249
2026-09-14T05,69377
2026-09-14T06,66013
2026-09-14T07,63268
2026-09-14T08,61365
2026-09-14T09,60103
2026-09-14T10,59877
2026-09-14T11,60611
2026-09-14T12,62166
2026-09-14T13,62381
2026-09-14T14,64530
2026-09-14T15,68549
2026-09-14T16,72944
2026-09-14T17,77391
2026-09-14T18,81369
2026-09-14T19,84845
2026-09-14T20,85979
2026-09-14T21,86162
2026-09-14T22,85923
2026-09-14T23,85745
2026-09-15T00,85400
2026-09-15T01,84037
2026-09-15T02,81967
2026-09-15T03,78675
2026-09-15T04,74495
2026-09-15T05,70539
2026-09-15T06,66843
2026-09-15T07,64264
2026-09-15T08,62218
2026-09-15T09,60947
2026-09-15T10,60323
2026-09-15T11,60937
2026-09-15T12,62080
2026-09-15T13,62299
2026-09-15T14,64337
2026-09-15T15,68297
2026-09-15T16,72384
2026-09-15T17,76807
2026-09-15T18,80986
2026-09-15T19,84525
2026-09-15T20,86026
2026-09-15T21,86111
2026-09-15T22,86121
2026-09-15T23,85808
2026-09-16T00,84948
2026-09-16T01,83247
2026-09-16T02,81288
2026-09-16T03,78155
2026-09-16T04,73866
2026-09-16T05,69592
2026-09-16T06,65965
2026-09-16T07,63197
2026-09-16T08,60935
2026-09-16T09,59776
2026-09-16T10,59512
2026-09-16T11,60023
2026-09-16T12,61276
2026-09-16T13,60951
2026-09-16T14,63143
2026-09-16T15,67022
2026-09-16T16,71143
2026-09-16T17,75437
2026-09-16T18,79533
2026-09-16T19,83176
2026-09-16T20,84875
2026-09-16T21,85779
2026-09-16T22,86168
2026-09-16T23,85715
2026-09-17T00,84256
2026-09-17T01,81324
2026-09-17T02,78609
2026-09-17T03,76293
2026-09-17T04,73338
2026-09-17T05,69287
2026-09-17T06,65721
2026-09-17T07,62920
2026-09-17T08,60722
2026-09-17T09,59001
2026-09-17T10,58693
2026-09-17T11,59622
2026-09-17T12,61221
2026-09-17T13,61389
2026-09-17T14,63093
2026-09-17T15,66698
2026-09-17T16,70461
2026-09-17T17,74508
2026-09-17T18,78032
2026-09-17T19,80725
2026-09-17T20,82143
2026-09-17T21,82698
2026-09-17T22,82827
2026-09-17T23,82310
2026-09-18T00,80340
2026-09-18T01,78102
2026-09-18T02,76065
2026-09-18T03,73926
2026-09-18T04,70128
2026-09-18T05,66193
2026-09-18T06,62703
2026-09-18T07,59982
2026-09-18T08,58102
2026-09-18T09,56706
2026-09-18T10,56254
2026-09-18T11,56885
2026-09-18T12,58535
2026-09-18T13,59009
2026-09-18T14,60907
2026-09-18T15,65084
2026-09-18T16,69262
2026-09-18T17,73260
2026-09-18T18,76582
2026-09-18T19,79477
2026-09-18T20,81431
2026-09-18T21,82563
2026-09-18T22,83105
2026-09-18T23,82361
2026-09-19T00,79708
2026-09-19T01,76643
2026-09-19T02,74110
2026-09-19T03,71187
2026-09-19T04,68054
2026-09-19T05,64850
2026-09-19T06,61775
2026-09-19T07,59063
2026-09-19T08,56742
2026-09-19T09,55113
2026-09-19T10,54028
2026-09-19T11,53599
2026-09-19T12,53752
2026-09-19T13,53901
2026-09-19T14,56292
2026-09-19T15,60786
2026-09-19T16,65648
2026-09-19T17,70296
2026-09-19T18,74264
2026-09-19T19,77444
2026-09-19T20,80036
2026-09-19T21,81942
2026-09-19T22,82787
2026-09-19T23,81884
2026-09-20T00,79676
2026-09-20T01,76500
2026-09-20T02,74239
2026-09-20T03,71194
2026-09-20T04,68236
2026-09-20T05,65023
2026-09-20T06,61856
2026-09-20T07,59143
2026-09-20T08,56961
2026-09-20T09,55427
2026-09-20T10,54433
2026-09-20T11,53733
2026-09-20T12,53692
2026-09-20T13,53676
2026-09-20T14,55978
2026-09-20T15,59914
2026-09-20T16,64780
2026-09-20T17,69861
2026-09-20T18,74626
2026-09-20T19,78380
2026-09-20T20,81184
2026-09-20T21,82867
2026-09-20T22,83000
2026-09-20T23,81669
2026-09-21T00,78296
2026-09-21T01,75939
2026-09-21T02,74166
2026-09-21T03,71342
2026-09-21T04,67813
2026-09-21T05,64341
2026-09-21T06,61105
2026-09-21T07,58656
2026-09-21T08,57013
2026-09-21T09,56085
2026-09-21T10,56168
2026-09-21T11,57183
2026-09-21T12,58745
2026-09-21T13,59136
2026-09-21T14,60826
2026-09-21T15,64607
2026-09-21T16,69000
2026-09-21T17,73579
2026-09-21T18,78113
2026-09-21T19,81852
2026-09-21T20,84880
2026-09-21T21,85940
2026-09-21T22,85625
2026-09-21T23,84099
2026-09-22T00,81200
2026-09-22T01,78163
2026-09-22T02,76007
2026-09-22T03,72937
2026-09-22T04,68937
2026-09-22T05,64769
2026-09-22T06,61538
2026-09-22T07,58767
2026-09-22T08,56664
2026-09-22T09,55478
2026-09-22T10,55485
2026-09-22T11,56489
2026-09-22T12,58428
2026-09-22T13,58638
2026-09-22T14,60157
2026-09-22T15,63909
2026-09-22T16,67977
2026-09-22T17,72409
2026-09-22T18,76680
2026-09-22T19,80691
2026-09-22T20,83684
2026-09-22T21,85253
2026-09-22T22,85290
2026-09-22T23,84168
2026-09-23T00,81221
